"Tilda UID";Brand;SKU;Mark;Category;Title;Description;Text;Photo;Price;Quantity;"Price Old";Editions;Modifications;"External ID";"Parent UID";Weight;Length;Width;Height;"SEO title";"SEO descr";"SEO keywords";"FB title";"FB descr"
353963217291;;;;IPhone;"iPhone 14";"Обзор от ИИ<br /><br /><br />Apple#nbsp;<a href=""https://ru.wikipedia.org/wiki/IPhone_14"" target=""_blank"" rel=""noreferrer noopener"">iPhone 14</a>#nbsp;— это#nbsp;смартфон с экраном 6.1 дюйма (Super Retina XDR OLED), процессором A15 Bionic (с 5 ядрами графики), 6 ГБ оперативной памяти и двойной основной камерой 12 Мп. Модель вышла в сентябре 2022 года, получила улучшенную автономность и функцию обнаружения аварий.";;https://static.tildacdn.com/stor6136-3338-4132-a435-613933666663/44548768.jpg;;;;;;gZJXSUslTRuOfsaaFGUb;;0;0;0;0;"Купить iPhone 14 в Оренбурге по низкой цене";"Магазин Apple техники Айточка в Оренбурге предлагает приобрести Apple технику по самой низкой цене. Вся техника сертифицирована. Возможность приобрести айфон в кредит и рассрочку.";"купить айфон, купить iPhone, купить айфон в оренбурге, айфон оренбург, айфон в кредит, айфон купить недорого, iphone оренбург купить в рассрочку";;
800597470351;;;;;"iPhone 14 - 128 - Чёрный";;;https://static.tildacdn.com/stor6136-3338-4132-a435-613933666663/44548768.jpg;47990.00;;;"Память:128;Цвет:Чёрный";;ZOioXZnFiJXtZVY1axGx;353963217291;0;0;0;0;;;;;
595879547551;;;;;"iPhone 14 - 256 - Чёрный";;;https://static.tildacdn.com/stor6136-3338-4132-a435-613933666663/44548768.jpg;57990.00;;;"Память:256;Цвет:Чёрный";;p3y9Fd3kYg2XgGoEeRO6;353963217291;0;0;0;0;;;;;
797715716801;;;;;"iPhone 14 - 512 - Чёрный";;;https://static.tildacdn.com/stor6136-3338-4132-a435-613933666663/44548768.jpg;61990.00;;;"Память:512;Цвет:Чёрный";;OsT60RElldcVLbKVhs4E;353963217291;0;0;0;0;;;;;
411151347481;;;;;"iPhone 14 - 128 - Красный";;;https://static.tildacdn.com/stor3435-3134-4439-a339-663563363233/74684431.jpg;47990.00;;;"Память:128;Цвет:Красный";;F5RlcDRZxVkzC7f30FYL;353963217291;0;0;0;0;;;;;
966095074761;;;;;"iPhone 14 - 256 - Красный";;;https://static.tildacdn.com/stor3435-3134-4439-a339-663563363233/74684431.jpg;57990.00;;;"Память:256;Цвет:Красный";;kitEaX0kVMU4d6noGCO6;353963217291;0;0;0;0;;;;;
175462231811;;;;;"iPhone 14 - 512 - Красный";;;https://static.tildacdn.com/stor3435-3134-4439-a339-663563363233/74684431.jpg;61990.00;;;"Память:512;Цвет:Красный";;2GlkeKpeJYRDADJxj1ig;353963217291;0;0;0;0;;;;;
843932318521;;;;;"iPhone 14 - 128 - Фиолетовый";;;https://static.tildacdn.com/stor3239-3130-4030-b539-363532303339/61127451.jpg;47990.00;;;"Память:128;Цвет:Фиолетовый";;sRBnNpE1VbCAVLi7gXfc;353963217291;0;0;0;0;;;;;
599612951121;;;;;"iPhone 14 - 256 - Фиолетовый";;;https://static.tildacdn.com/stor3239-3130-4030-b539-363532303339/61127451.jpg;57990.00;;;"Память:256;Цвет:Фиолетовый";;bokBrzRIRpHGU0hSL9Bu;353963217291;0;0;0;0;;;;;
168573782161;;;;;"iPhone 14 - 512 - Фиолетовый";;;https://static.tildacdn.com/stor3239-3130-4030-b539-363532303339/61127451.jpg;61990.00;;;"Память:512;Цвет:Фиолетовый";;Hr1VVFrZKBf7G2106egM;353963217291;0;0;0;0;;;;;
506166345551;;;;;"iPhone 14 - 128 - Белый";;;https://static.tildacdn.com/stor3039-3964-4038-a534-333732333463/86159851.jpg;47990.00;;;"Память:128;Цвет:Белый";;2b6paHJrZmglSxhTKt4N;353963217291;0;0;0;0;;;;;
223175349011;;;;;"iPhone 14 - 256 - Белый";;;https://static.tildacdn.com/stor3039-3964-4038-a534-333732333463/86159851.jpg;57990.00;;;"Память:256;Цвет:Белый";;su6aBJdr5eVEULMCh4as;353963217291;0;0;0;0;;;;;
364938703991;;;;;"iPhone 14 - 512 - Белый";;;https://static.tildacdn.com/stor3039-3964-4038-a534-333732333463/86159851.jpg;61990.00;;;"Память:512;Цвет:Белый";;P40g5P2aur9cGt42zpxI;353963217291;0;0;0;0;;;;;
417889122261;;;;;"iPhone 14 - 128 - Синий";;;https://static.tildacdn.com/stor6661-3932-4062-a139-316262346365/99444494.jpg;47990.00;;;"Память:128;Цвет:Синий";;RoeL31a4P4NB1A23hs0U;353963217291;0;0;0;0;;;;;
115397976321;;;;;"iPhone 14 - 256 - Синий";;;https://static.tildacdn.com/stor6661-3932-4062-a139-316262346365/99444494.jpg;57990.00;;;"Память:256;Цвет:Синий";;LLSn9XzFNuTJt8PDPzft;353963217291;0;0;0;0;;;;;
118172159091;;;;;"iPhone 14 - 512 - Синий";;;https://static.tildacdn.com/stor6661-3932-4062-a139-316262346365/99444494.jpg;61990.00;;;"Память:512;Цвет:Синий";;J0EOVRtKrFasHKZl4jSA;353963217291;0;0;0;0;;;;;
564553321861;;;;MacBook;"MacBook Air 2022 м2";;;https://static.tildacdn.com/stor3166-3230-4565-a632-336166343063/97304696.jpg;;;;;;YJ4XTh1JAT9xKnsdF2uh;;0;0;0;0;"Купить MacBook в Оренбурге по низкой цене";"Магазин Apple техники Айточка в Оренбурге предлагает приобрести Apple технику по самой низкой цене. Вся техника сертифицирована. Возможность приобрести оригинальные MacBook в кредит и рассрочку.";"Купить макбук Оренбург, купить макбук в кредит, макбук по низкой стоимости, macbook оренбург купить";;
584709927831;;;;;"MacBook Air 2022 м2 - Полуночный чёрный - 256";;;https://static.tildacdn.com/stor3166-3230-4565-a632-336166343063/97304696.jpg;92990.00;;;"Цвет:Полуночный чёрный;Память:256";;Zzr8uervGko2H2LRmk4f;564553321861;0;0;0;0;;;;;
393864145821;;;;;"MacBook Air 2022 м2 - Полуночный чёрный - 512";;;https://static.tildacdn.com/stor3166-3230-4565-a632-336166343063/97304696.jpg;113990.00;;;"Цвет:Полуночный чёрный;Память:512";;y4nthB8jvrD6rl36ZrZ0;564553321861;0;0;0;0;;;;;
888486997311;;;;;"MacBook Air 2022 м2 - Серебристый - 256";;;https://static.tildacdn.com/stor3661-3534-4537-a365-393336633730/29447486.jpg;92990.00;;;"Цвет:Серебристый;Память:256";;IagZKEV133Es1MZtTaG6;564553321861;0;0;0;0;;;;;
286144821001;;;;;"MacBook Air 2022 м2 - Серебристый - 512";;;https://static.tildacdn.com/stor3661-3534-4537-a365-393336633730/29447486.jpg;113990.00;;;"Цвет:Серебристый;Память:512";;tuUcnVK1a3E610MLNubA;564553321861;0;0;0;0;;;;;
469501278411;;;;;"MacBook Air 2022 м2 - Сияющая звезда - 256";;;https://static.tildacdn.com/stor3365-3265-4362-a436-373331373631/65526916.jpg;92990.00;;;"Цвет:Сияющая звезда;Память:256";;25EyxXbE55lAzoU111HZ;564553321861;0;0;0;0;;;;;
414674772321;;;;;"MacBook Air 2022 м2 - Сияющая звезда - 512";;;https://static.tildacdn.com/stor3365-3265-4362-a436-373331373631/65526916.jpg;113990.00;;;"Цвет:Сияющая звезда;Память:512";;GXxcgnZXR5Dc3Xmt9xoN;564553321861;0;0;0;0;;;;;
670005302161;;;;;"MacBook Air 2022 м2 - Серый космос - 256";;;https://static.tildacdn.com/stor3731-3636-4032-a361-383332353638/11385970.jpg;92990.00;;;"Цвет:Серый космос;Память:256";;POKbzBUG5BNybO7i5mdy;564553321861;0;0;0;0;;;;;
666096114411;;;;;"MacBook Air 2022 м2 - Серый космос - 512";;;https://static.tildacdn.com/stor3731-3636-4032-a361-383332353638/11385970.jpg;113990.00;;;"Цвет:Серый космос;Память:512";;64yMrnk7s3EeMly67L5L;564553321861;0;0;0;0;;;;;
459516264231;;;;IPhone;"iPhone 13";;;https://static.tildacdn.com/stor6361-3366-4239-a161-386631333562/40028524.jpg;;;;;;ppEacnvAtZlTUvMb9lfB;;0;0;0;0;"Купить iPhone 13 в Оренбурге по низкой цене";"Магазин Apple техники Айточка в Оренбурге предлагает приобрести Apple технику по самой низкой цене. Вся техника сертифицирована. Возможность приобрести айфон в кредит и рассрочку.";"купить айфон, купить iPhone, купить айфон в оренбурге, айфон оренбург, айфон в кредит, айфон купить недорого, iphone оренбург купить в рассрочку";;
772920943311;;;;;"iPhone 13 - Зелёный - 128";;;https://static.tildacdn.com/stor3939-3735-4763-b735-343236663765/47433984.jpg;39990.00;;;"Цвет:Зелёный;Память:128";;aERriXCbM26KjFJVoLRt;459516264231;0;0;0;0;;;;;
861069056601;;;;;"iPhone 13 - Зелёный - 256";;;https://static.tildacdn.com/stor3939-3735-4763-b735-343236663765/47433984.jpg;44990.00;;;"Цвет:Зелёный;Память:256";;yuUNYjayiFGUgZjxgcoT;459516264231;0;0;0;0;;;;;
111765112141;;;;;"iPhone 13 - Зелёный - 512";;;https://static.tildacdn.com/stor3939-3735-4763-b735-343236663765/47433984.jpg;51990.00;;;"Цвет:Зелёный;Память:512";;iTtkTcFAP9fnOt8K16jl;459516264231;0;0;0;0;;;;;
170862631721;;;;;"iPhone 13 - Чёрный - 128";;;https://static.tildacdn.com/stor6361-3366-4239-a161-386631333562/40028524.jpg;39990.00;;;"Цвет:Чёрный;Память:128";;TJe0VBiHKkjBbBDVl0Jl;459516264231;0;0;0;0;;;;;
228120131661;;;;;"iPhone 13 - Чёрный - 256";;;https://static.tildacdn.com/stor6361-3366-4239-a161-386631333562/40028524.jpg;44990.00;;;"Цвет:Чёрный;Память:256";;uxjo64yEYv8BFPC267YE;459516264231;0;0;0;0;;;;;
370113525511;;;;;"iPhone 13 - Чёрный - 512";;;https://static.tildacdn.com/stor6361-3366-4239-a161-386631333562/40028524.jpg;51990.00;;;"Цвет:Чёрный;Память:512";;jdnitkokuOtPv0X96PTj;459516264231;0;0;0;0;;;;;
718014413271;;;;;"iPhone 13 - Розовый - 128";;;https://static.tildacdn.com/stor6138-3337-4664-a238-303937373235/65120912.jpg;39990.00;;;"Цвет:Розовый;Память:128";;eitjuioud4kVhBuNnXRH;459516264231;0;0;0;0;;;;;
344177040021;;;;;"iPhone 13 - Розовый - 256";;;https://static.tildacdn.com/stor6138-3337-4664-a238-303937373235/65120912.jpg;45990.00;;;"Цвет:Розовый;Память:256";;cLPFUpFhHOS5Tcf7z7sk;459516264231;0;0;0;0;;;;;
276424183381;;;;;"iPhone 13 - Розовый - 512";;;https://static.tildacdn.com/stor6138-3337-4664-a238-303937373235/65120912.jpg;51990.00;;;"Цвет:Розовый;Память:512";;sOCHF8olRc6sxmV1J8YS;459516264231;0;0;0;0;;;;;
239655019511;;;;;"iPhone 13 - Красный - 128";;;https://static.tildacdn.com/stor3432-3531-4766-b330-653737623736/10370955.jpg;39990.00;;;"Цвет:Красный;Память:128";;cpOkDJciBDigTR3a3xnj;459516264231;0;0;0;0;;;;;
716594332291;;;;;"iPhone 13 - Красный - 256";;;https://static.tildacdn.com/stor3432-3531-4766-b330-653737623736/10370955.jpg;45990.00;;;"Цвет:Красный;Память:256";;T2TMoCEPZgfbVAbcA2ru;459516264231;0;0;0;0;;;;;
581172535631;;;;;"iPhone 13 - Красный - 512";;;https://static.tildacdn.com/stor3432-3531-4766-b330-653737623736/10370955.jpg;51990.00;;;"Цвет:Красный;Память:512";;PysM9keIbCgGsjgOPYGR;459516264231;0;0;0;0;;;;;
836643557201;;;;;"iPhone 13 - Белый - 128";;;https://static.tildacdn.com/stor3034-3365-4262-b137-666636613666/19800827.jpg;39990.00;;;"Цвет:Белый;Память:128";;puK5cXODhYR7Lzc2ycNB;459516264231;0;0;0;0;;;;;
439953030691;;;;;"iPhone 13 - Белый - 256";;;https://static.tildacdn.com/stor3034-3365-4262-b137-666636613666/19800827.jpg;45990.00;;;"Цвет:Белый;Память:256";;S1HJlccIYdTM13cLebTr;459516264231;0;0;0;0;;;;;
662137887211;;;;;"iPhone 13 - Белый - 512";;;https://static.tildacdn.com/stor3034-3365-4262-b137-666636613666/19800827.jpg;51990.00;;;"Цвет:Белый;Память:512";;PNEbpoHCbZHzE3DerLv7;459516264231;0;0;0;0;;;;;
227819320291;;;;;"iPhone 13 - Синий - 128";;;https://static.tildacdn.com/stor3737-3631-4361-b036-313063363762/14256588.jpg;39990.00;;;"Цвет:Синий;Память:128";;EIia12j1KvNa4k6p0C7S;459516264231;0;0;0;0;;;;;
409754199911;;;;;"iPhone 13 - Синий - 256";;;https://static.tildacdn.com/stor3737-3631-4361-b036-313063363762/14256588.jpg;45990.00;;;"Цвет:Синий;Память:256";;JthxdFsevMbCU2ixmA3E;459516264231;0;0;0;0;;;;;
179863484721;;;;;"iPhone 13 - Синий - 512";;;https://static.tildacdn.com/stor3737-3631-4361-b036-313063363762/14256588.jpg;51990.00;;;"Цвет:Синий;Память:512";;ROYz4JDNFTV7Bd8T3IAI;459516264231;0;0;0;0;;;;;
983986745811;;;;"AirPods;Наушники";"AirPods Pro 2";;;https://static.tildacdn.com/stor6361-6636-4234-a639-643362613062/77503049.jpg;15990.00;;;;;kLl8Go5ohZyUAffk8cP3;;0;0;0;0;"Купить AirPods Pro 2 в Оренбурге по низкой цене";"Магазин Apple техники Айточка в Оренбурге предлагает приобрести Apple технику по самой низкой цене. Вся техника сертифицирована. Возможность приобрести оригинальные AirPods Pro в кредит и рассрочку.";"Купить оригинальные аирподс, Купить оригинальные AirPods, купить аирподс Оренбург, оригинальные аирподс дешево, аирподс в кредит, AirPods в рассрочку";;
293415098241;;;;MacBook;"MacBook Air 2019";;;https://static.tildacdn.com/stor3734-6138-4632-b934-313164636464/38351828.jpg;;;;;;0pBFDnkJJjPSf6C4NpuB;;0;0;0;0;"Купить MacBook в Оренбурге по низкой цене";"Магазин Apple техники Айточка в Оренбурге предлагает приобрести Apple технику по самой низкой цене. Вся техника сертифицирована. Возможность приобрести оригинальные MacBook в кредит и рассрочку.";"Купить макбук Оренбург, купить макбук в кредит, макбук по низкой стоимости, macbook оренбург купить";;
409834018431;;;;;"MacBook Air 2019 - Серебристый - 128";;;https://static.tildacdn.com/stor3734-6138-4632-b934-313164636464/38351828.jpg;0;;;"Цвет:Серебристый;Память:128";;KGmUJsL5fLgbyzkZSsxu;293415098241;0;0;0;0;;;;;
953283539821;;;;;"MacBook Air 2019 - Серебристый - 256";;;https://static.tildacdn.com/stor3734-6138-4632-b934-313164636464/38351828.jpg;0;;;"Цвет:Серебристый;Память:256";;G8iTxg0JPjNZNPhE5p3n;293415098241;0;0;0;0;;;;;
971267922691;;;;;"MacBook Air 2019 - Серебристый - 512";;;https://static.tildacdn.com/stor3734-6138-4632-b934-313164636464/38351828.jpg;0;;;"Цвет:Серебристый;Память:512";;EFzGdVMtyyCAzDYlyG20;293415098241;0;0;0;0;;;;;
490602156171;;;;;"MacBook Air 2019 - Серый космос - 128";;;https://static.tildacdn.com/stor3734-6138-4632-b934-313164636464/38351828.jpg;0;;;"Цвет:Серый космос;Память:128";;uBLg9vSpGUTPDPJR4rkd;293415098241;0;0;0;0;;;;;
672296528231;;;;;"MacBook Air 2019 - Серый космос - 256";;;https://static.tildacdn.com/stor3734-6138-4632-b934-313164636464/38351828.jpg;0;;;"Цвет:Серый космос;Память:256";;a1p5XMTDheCmTsj1n1if;293415098241;0;0;0;0;;;;;
845363069541;;;;;"MacBook Air 2019 - Серый космос - 512";;;https://static.tildacdn.com/stor3734-6138-4632-b934-313164636464/38351828.jpg;0;;;"Цвет:Серый космос;Память:512";;2YsT9Mf7ifYk0Jjhicbj;293415098241;0;0;0;0;;;;;
660900169891;;;;;"MacBook Air 2019 - Золото - 128";;;https://static.tildacdn.com/stor3734-6138-4632-b934-313164636464/38351828.jpg;0;;;"Цвет:Золото;Память:128";;EvGbHelCIdjXJFbtExJV;293415098241;0;0;0;0;;;;;
863263110651;;;;;"MacBook Air 2019 - Золото - 256";;;https://static.tildacdn.com/stor3734-6138-4632-b934-313164636464/38351828.jpg;0;;;"Цвет:Золото;Память:256";;hBGnlYfm493PADmsnufv;293415098241;0;0;0;0;;;;;
946754364581;;;;;"MacBook Air 2019 - Золото - 512";;;https://static.tildacdn.com/stor3734-6138-4632-b934-313164636464/38351828.jpg;0;;;"Цвет:Золото;Память:512";;2FisAmXVPFIbFubBEv0C;293415098241;0;0;0;0;;;;;
134705882381;;;;MacBook;"MacBook Pro 2019 13""";;;https://static.tildacdn.com/stor6130-3161-4465-a432-336636653238/17886734.jpg;;;;;;nXyggabMsbUzUgAdjKoG;;0;0;0;0;"Купить MacBook в Оренбурге по низкой цене";"Магазин Apple техники Айточка в Оренбурге предлагает приобрести Apple технику по самой низкой цене. Вся техника сертифицирована. Возможность приобрести оригинальные MacBook в кредит и рассрочку.";"Купить макбук Оренбург, купить макбук в кредит, макбук по низкой стоимости, macbook оренбург купить";;
905711349001;;;;;"MacBook Pro 2019 13"" - Серый космос - 256";;;https://static.tildacdn.com/stor6130-3161-4465-a432-336636653238/17886734.jpg;0;;;"Цвет:Серый космос;Память:256";;VJVVvgDftAseAeO9EoaB;134705882381;0;0;0;0;;;;;
129271010241;;;;;"MacBook Pro 2019 13"" - Серый космос - 512";;;https://static.tildacdn.com/stor6130-3161-4465-a432-336636653238/17886734.jpg;0;;;"Цвет:Серый космос;Память:512";;JmeYyHbK6g0jZFY00DT8;134705882381;0;0;0;0;;;;;
943454564561;;;;;"MacBook Pro 2019 13"" - Серый космос - 1024";;;https://static.tildacdn.com/stor6130-3161-4465-a432-336636653238/17886734.jpg;0;;;"Цвет:Серый космос;Память:1024";;TPCAoVPUTig5ScpcZtS1;134705882381;0;0;0;0;;;;;
155906413271;;;;;"MacBook Pro 2019 13"" - Серебристый - 256";;;https://static.tildacdn.com/stor6130-3161-4465-a432-336636653238/17886734.jpg;0;;;"Цвет:Серебристый;Память:256";;BlXRRG6vtLd1vyzi91fc;134705882381;0;0;0;0;;;;;
492955663771;;;;;"MacBook Pro 2019 13"" - Серебристый - 512";;;https://static.tildacdn.com/stor6130-3161-4465-a432-336636653238/17886734.jpg;0;;;"Цвет:Серебристый;Память:512";;IlGZso9veCibzT6OANHb;134705882381;0;0;0;0;;;;;
283249407431;;;;;"MacBook Pro 2019 13"" - Серебристый - 1024";;;https://static.tildacdn.com/stor6130-3161-4465-a432-336636653238/17886734.jpg;0;;;"Цвет:Серебристый;Память:1024";;XghTn70uE7icY6A2CnBd;134705882381;0;0;0;0;;;;;
319564185001;;;;MacBook;"MacBook Pro 2019 15""";;;https://static.tildacdn.com/stor6130-3161-4465-a432-336636653238/17886734.jpg;;;;;;jHugfZb8E4D2SsLOLNfn;;0;0;0;0;"Купить MacBook в Оренбурге по низкой цене";"Магазин Apple техники Айточка в Оренбурге предлагает приобрести Apple технику по самой низкой цене. Вся техника сертифицирована. Возможность приобрести оригинальные MacBook в кредит и рассрочку.";"Купить макбук Оренбург, купить макбук в кредит, макбук по низкой стоимости, macbook оренбург купить";;
964042923001;;;;;"MacBook Pro 2019 15"" - Серый космос - 256";;;;0;;;"Цвет:Серый космос;Память:256";;Amjvide1IuHz2fYHCIpz;319564185001;0;0;0;0;;;;;
833547464941;;;;;"MacBook Pro 2019 15"" - Серый космос - 512";;;;0;;;"Цвет:Серый космос;Память:512";;c25reajt3fzEDSkHUY3E;319564185001;0;0;0;0;;;;;
323383409831;;;;;"MacBook Pro 2019 15"" - Серый космос - 1024";;;;0;;;"Цвет:Серый космос;Память:1024";;8iLErOAz4tR7sxeTu3y8;319564185001;0;0;0;0;;;;;
839085244051;;;;;"MacBook Pro 2019 15"" - Серебристый - 256";;;;0;;;"Цвет:Серебристый;Память:256";;5r501ERfV5PRYx642X0c;319564185001;0;0;0;0;;;;;
570100216611;;;;;"MacBook Pro 2019 15"" - Серебристый - 512";;;;0;;;"Цвет:Серебристый;Память:512";;CB0mOhCyo1zxLo1I5Sbf;319564185001;0;0;0;0;;;;;
181682170471;;;;;"MacBook Pro 2019 15"" - Серебристый - 1024";;;;0;;;"Цвет:Серебристый;Память:1024";;9nTGd0lrFtd8iuNkComJ;319564185001;0;0;0;0;;;;;
904630126891;;;;MacBook;"MacBook Pro 2019 16""";;;https://static.tildacdn.com/stor6130-3161-4465-a432-336636653238/17886734.jpg;;;;;;0RJyMtvo8LrXHV0Nbgl1;;0;0;0;0;"Купить MacBook в Оренбурге по низкой цене";"Магазин Apple техники Айточка в Оренбурге предлагает приобрести Apple технику по самой низкой цене. Вся техника сертифицирована. Возможность приобрести оригинальные MacBook в кредит и рассрочку.";"Купить макбук Оренбург, купить макбук в кредит, макбук по низкой стоимости, macbook оренбург купить";;
208773943881;;;;;"MacBook Pro 2019 16"" - Серебристый - 256";;;;0;;;"Цвет:Серебристый;Память:256";;aJJX0ORGB1DdYFOzj4x8;904630126891;0;0;0;0;;;;;
527922252311;;;;;"MacBook Pro 2019 16"" - Серебристый - 512";;;;0;;;"Цвет:Серебристый;Память:512";;d4PfyaGY25ReONFKPxYx;904630126891;0;0;0;0;;;;;
935405302671;;;;;"MacBook Pro 2019 16"" - Серебристый - 1024";;;;0;;;"Цвет:Серебристый;Память:1024";;uiv88K42e7zAMdYVkHuJ;904630126891;0;0;0;0;;;;;
184035803541;;;;;"MacBook Pro 2019 16"" - Серый космос - 256";;;;0;;;"Цвет:Серый космос;Память:256";;k07I40u04n9Nc4ddtgSH;904630126891;0;0;0;0;;;;;
943711635881;;;;;"MacBook Pro 2019 16"" - Серый космос - 512";;;;0;;;"Цвет:Серый космос;Память:512";;8G2XG6OMG3mSFTC64aT3;904630126891;0;0;0;0;;;;;
155039605051;;;;;"MacBook Pro 2019 16"" - Серый космос - 1024";;;;0;;;"Цвет:Серый космос;Память:1024";;EJukdXeRUvA0rvDmsYEO;904630126891;0;0;0;0;;;;;
724302864211;;;;MacBook;"MacBook Air M1 2020";;;https://static.tildacdn.com/stor6135-3963-4432-b431-303463323961/11643230.jpg;;;;;;ackp3B2jtL0aDhpdUII6;;0;0;0;0;"Купить MacBook Air M1 в Оренбурге по низкой цене";"Магазин Apple техники Айточка в Оренбурге предлагает приобрести Apple технику по самой низкой цене. Вся техника сертифицирована. Возможность приобрести оригинальные MacBook в кредит и рассрочку.";"Купить макбук Оренбург, купить макбук в кредит, макбук по низкой стоимости, macbook оренбург купить";;
617225375901;;;;;"MacBook Air M1 2020 - Золото - 128";;;;72990.00;;;"Цвет:Золото;Память:128";;S8G35CV4EO298tljnzuR;724302864211;0;0;0;0;;;;;
618033291491;;;;;"MacBook Air M1 2020 - Золото - 256";;;;72990.00;;;"Цвет:Золото;Память:256";;PPLtxn6abx3fvtjNiV0r;724302864211;0;0;0;0;;;;;
667976792561;;;;;"MacBook Air M1 2020 - Золото - 512";;;;72990.00;;;"Цвет:Золото;Память:512";;0O1Pysd3IJNra65203bc;724302864211;0;0;0;0;;;;;
862364881031;;;;;"MacBook Air M1 2020 - Серебристый - 128";;;;72990.00;;;"Цвет:Серебристый;Память:128";;riGRNYTYMauCcGde2ZvS;724302864211;0;0;0;0;;;;;
252315098231;;;;;"MacBook Air M1 2020 - Серебристый - 256";;;;72990.00;;;"Цвет:Серебристый;Память:256";;76vXcYYGtX48nLCNMr5v;724302864211;0;0;0;0;;;;;
783885003541;;;;;"MacBook Air M1 2020 - Серебристый - 512";;;;72990.00;;;"Цвет:Серебристый;Память:512";;Dex55pyBEzYrF4Td0yTs;724302864211;0;0;0;0;;;;;
553633853591;;;;;"MacBook Air M1 2020 - Серый космос - 128";;;;72990.00;;;"Цвет:Серый космос;Память:128";;Cevlet4k48gOok6PeXSk;724302864211;0;0;0;0;;;;;
532408174451;;;;;"MacBook Air M1 2020 - Серый космос - 256";;;;72990.00;;;"Цвет:Серый космос;Память:256";;IfMSFVR4yI96TI6MPuMi;724302864211;0;0;0;0;;;;;
208870053121;;;;;"MacBook Air M1 2020 - Серый космос - 512";;;;72990.00;;;"Цвет:Серый космос;Память:512";;mCLonPgUtfiGE2elyEaK;724302864211;0;0;0;0;;;;;
473368637831;;;;Аксессуары;"Провод для зарядки Lightning";;;https://static.tildacdn.com/stor3863-6362-4366-b131-373334376631/90832006.jpg;1800.00;;;;;Dtd0yV3R0uOa3E6YKuAA;;0;0;0;0;;;;;
350717272011;;;;Аксессуары;"Блок питания для айфона";;;https://static.tildacdn.com/stor3738-3365-4938-b061-633536376131/49695616.png;2600.00;;;;;N1Kiu4ANcvteEHd8dBrh;;0;0;0;0;;;;;
203130065771;;;;Аксессуары;"Защитные стекла для айфона";"Стекла в ассортименте. Наличие возможно уточнить у менеджера";;https://static.tildacdn.com/stor3338-3030-4534-b139-356262616338/67451329.jpg;2500.00;;;;;46HUgMSm0ZF2aA7TjfgP;;0;0;0;0;;;;;
971495739501;;;;Аксессуары;"Повербанк MagSafe";;;https://static.tildacdn.com/stor3465-3564-4066-b264-366335643034/79285769.png;2890.00;;;;;H8oTfbkGP0CGc96MNCJG;;0;0;0;0;;;;;
932790277081;;;;Аксессуары;"Ремешок для Apple Watch тканевый";"Цвета в ассортименте. Наличие возможно уточнить у менеджера";;https://static.tildacdn.com/stor3063-6532-4939-b535-643538366339/98549996.jpg;690.00;;;;;U3dNvIppgAfIjZKKKou3;;0;0;0;0;;;;;
428502747671;;;;Аксессуары;"Ремешок для Apple Watch силикон";"Цвета в ассортименте. Наличие возможно уточнить у менеджера";;https://static.tildacdn.com/stor6564-3433-4963-b961-623861316637/77302906.jpg;690.00;;;;;ZGuhLEgx92GVMz6vHMRn;;0;0;0;0;;;;;
197194272571;;;;Аксессуары;"Ремешок для Apple Watch миланское плетение";"Цвета в ассортименте. Наличие возможно уточнить у менеджера";;https://static.tildacdn.com/stor3566-3934-4330-a431-633663623934/51677481.png;690.00;;;;;v6xyHPkkeXzUFpVyyckT;;0;0;0;0;;;;;
322561005901;;;;Аксессуары;"Ремешок для Apple Watch металлический";"Цвета в ассортименте. Наличие возможно уточнить у менеджера";;https://static.tildacdn.com/stor6238-3339-4138-b363-343163393035/28010627.jpg;690.00;;;;;2vTUFzEo6lo1m3kjk8Yg;;0;0;0;0;;;;;
690185196521;;;;Аксессуары;Картхолдер;"Цвета в ассортименте. Наличие возможно уточнить у менеджера";;https://static.tildacdn.com/stor3366-3935-4533-b032-353462346137/92748496.jpg;900.00;;;;;azL63p77oL2Rxme86jLr;;0;0;0;0;;;;;
814876467671;;;;"AirPods;Наушники";"AirPods Max";;;https://static.tildacdn.com/stor6139-3139-4631-a336-356539636662/29953910.jpg;43990.00;;;;;mzNsoazfmGuhs1RT65sH;;0;0;0;0;"Купить AirPods Max в Оренбурге по низкой цене";"Магазин Apple техники Айточка в Оренбурге предлагает приобрести Apple технику по самой низкой цене. Вся техника сертифицирована. Возможность приобрести оригинальные AirPods Max в кредит и рассрочку.";"Купить оригинальные аирподс, Купить оригинальные AirPods, купить аирподс Оренбург, оригинальные аирподс дешево, аирподс в кредит, AirPods в рассрочку";;
114833300701;;;;Чехлы;"Чехол iPhone 8";"Цвета в ассортименте. Наличие возможно уточнить у менеджера";;https://static.tildacdn.com/stor3639-3632-4561-a362-376362386134/67782678.jpg;900.00;;;;;CIL1chcvvBPYxg8aj7au;;0;0;0;0;;;;;
187418628661;;;;Чехлы;"Чехол iPhone SE 2022";"Цвета в ассортименте. Наличие возможно уточнить у менеджера";;https://static.tildacdn.com/stor6263-6238-4061-b139-656365336231/33482839.jpg;900.00;;;;;AElfNHlP0Cbd3B1ra11R;;0;0;0;0;;;;;
183948097901;;;;Чехлы;"Чехол iPhone 14";"Цвета в ассортименте. Наличие возможно уточнить у менеджера";;https://static.tildacdn.com/stor3761-3734-4934-a161-616636333330/20644030.png;900.00;;;;;bIPCxu66SRrdpagTSfTu;;0;0;0;0;;;;;
670039516171;;;;Чехлы;"Чехол iPhone 13";"Цвета в ассортименте. Наличие возможно уточнить у менеджера";;https://static.tildacdn.com/stor3861-6466-4533-b631-383664306536/50874560.jpg;900.00;;;;;ZGlS6tBMs2iYgVuDRvlz;;0;0;0;0;;;;;
556655917011;;;;Чехлы;"Чехол iPhone 11";"Цвета в ассортименте. Наличие возможно уточнить у менеджера";;https://static.tildacdn.com/stor6631-6164-4436-b430-663436383332/34102532.jpg;900.00;;;;;eYeuN7v1aL1b7t62ar4e;;0;0;0;0;;;;;
592778796421;;;;Watch;"Apple Watch Ultra GPS + Cellular, 49 мм, ремешок Trail";;;https://static.tildacdn.com/stor3935-3662-4564-b839-633465613865/78636242.jpg;;;;;;0K1shYbLtTxnpRCfgFfj;;0;0;0;0;;;;;
118636105651;;;;;"Apple Watch Ultra GPS + Cellular, 49 мм, ремешок Trail - синий / серый";;;https://static.tildacdn.com/stor3935-3662-4564-b839-633465613865/78636242.jpg;65990.00;;;"Цвет ремешка:синий / серый";;gJVcgjZ4JDKbLpo65kl0;592778796421;0;0;0;0;;;;;
622539762431;;;;;"Apple Watch Ultra GPS + Cellular, 49 мм, ремешок Trail - желтый / бежевый";;;https://static.tildacdn.com/stor6339-3464-4364-b264-373935643430/35089054.jpg;65990.00;;;"Цвет ремешка:желтый / бежевый";;5n7xZx30XJc3SaN3Tv4Z;592778796421;0;0;0;0;;;;;
337976072471;;;;;"Apple Watch Ultra GPS + Cellular, 49 мм, ремешок Trail - черный / серый";;;https://static.tildacdn.com/stor6266-6334-4361-a561-363664613032/92443666.jpg;65990.00;;;"Цвет ремешка:черный / серый";;DRpyTuByk7sBIcfjE9ER;592778796421;0;0;0;0;;;;;
803043611331;;;;Watch;"Apple Watch Ultra GPS + Cellular, 49 мм, ремешок Ocean";;;https://static.tildacdn.com/stor3738-3364-4636-b136-353736303366/69643938.jpg;;;;;;FktIex4fYdiubcV0TsXs;;0;0;0;0;;;;;
980775649521;;;;;"Apple Watch Ultra GPS + Cellular, 49 мм, ремешок Ocean - Белый";;;https://static.tildacdn.com/stor3738-3364-4636-b136-353736303366/69643938.jpg;58990.00;;;"Цвет ремешка:Белый";;nKlMLTm1gckJ12nVRISk;803043611331;0;0;0;0;;;;;
556190071531;;;;;"Apple Watch Ultra GPS + Cellular, 49 мм, ремешок Ocean - Желтый";;;https://static.tildacdn.com/stor3463-6133-4561-b765-393236633063/52074667.jpg;58990.00;;;"Цвет ремешка:Желтый";;blsBnyUuJRUyR7Ea31Tu;803043611331;0;0;0;0;;;;;
221340244581;;;;;"Apple Watch Ultra GPS + Cellular, 49 мм, ремешок Ocean - Черный";;;https://static.tildacdn.com/stor3639-3562-4038-b239-653133343066/63069139.jpg;58990.00;;;"Цвет ремешка:Черный";;YR1e8nBcJo32r5ijL1rz;803043611331;0;0;0;0;;;;;
786765313402;;;;;"MacBook Air 2022 - Полуночный чёрный - 256";;;https://static.tildacdn.com/stor3166-3230-4565-a632-336166343063/97304696.jpg;;;;;;Tmei1NhzSyZk9otzjFJN;;0;0;0;0;;;;;
613795328162;;;;;"MacBook Air 2022 - Полуночный чёрный - 256";;;https://static.tildacdn.com/stor3166-3230-4565-a632-336166343063/97304696.jpg;;;;"Цвет:Полуночный чёрный;Память:256";;Tmei1NhzSyZk9otzjFJN;786765313402;0;0;0;0;;;;;
456350857872;;;;;"MacBook Air 2022 - Полуночный чёрный - 256";;;https://static.tildacdn.com/stor3166-3230-4565-a632-336166343063/97304696.jpg;;;;"Цвет:Полуночный чёрный;Память:256";;Tmei1NhzSyZk9otzjFJN;786765313402;0;0;0;0;;;;;
571993178502;;;;;"MacBook Air 2022 - Полуночный чёрный - 256";;;https://static.tildacdn.com/stor3166-3230-4565-a632-336166343063/97304696.jpg;;;;"Цвет:Полуночный чёрный;Память:256";;Tmei1NhzSyZk9otzjFJN;786765313402;0;0;0;0;;;;;
540489313502;;;;;"MacBook Air 2022 - Полуночный чёрный - 256";;;https://static.tildacdn.com/stor3166-3230-4565-a632-336166343063/97304696.jpg;;;;"Цвет:Полуночный чёрный;Память:256";;Tmei1NhzSyZk9otzjFJN;786765313402;0;0;0;0;;;;;
526999791762;;;;;"MacBook Air 2022 - Полуночный чёрный - 512";;;https://static.tildacdn.com/stor3166-3230-4565-a632-336166343063/97304696.jpg;;;;;;kCik1hLYSvZHhMT2d58C;;0;0;0;0;;;;;
993096554642;;;;;"MacBook Air 2022 - Полуночный чёрный - 512";;;https://static.tildacdn.com/stor3166-3230-4565-a632-336166343063/97304696.jpg;;;;"Цвет:Полуночный чёрный;Память:512";;kCik1hLYSvZHhMT2d58C;526999791762;0;0;0;0;;;;;
978325011332;;;;;"MacBook Air 2022 - Полуночный чёрный - 512";;;https://static.tildacdn.com/stor3166-3230-4565-a632-336166343063/97304696.jpg;;;;"Цвет:Полуночный чёрный;Память:512";;kCik1hLYSvZHhMT2d58C;526999791762;0;0;0;0;;;;;
335749892992;;;;;"MacBook Air 2022 - Полуночный чёрный - 512";;;https://static.tildacdn.com/stor3166-3230-4565-a632-336166343063/97304696.jpg;;;;"Цвет:Полуночный чёрный;Память:512";;kCik1hLYSvZHhMT2d58C;526999791762;0;0;0;0;;;;;
472916609582;;;;;"MacBook Air 2022 - Полуночный чёрный - 512";;;https://static.tildacdn.com/stor3166-3230-4565-a632-336166343063/97304696.jpg;;;;"Цвет:Полуночный чёрный;Память:512";;kCik1hLYSvZHhMT2d58C;526999791762;0;0;0;0;;;;;
575061409092;;;;;"MacBook Air 2022 - Серебристый - 256";;;https://static.tildacdn.com/stor3661-3534-4537-a365-393336633730/29447486.jpg;;;;;;aEhaLrEEuai6gXO5JvM4;;0;0;0;0;;;;;
679103904422;;;;;"MacBook Air 2022 - Серебристый - 256";;;https://static.tildacdn.com/stor3661-3534-4537-a365-393336633730/29447486.jpg;;;;"Цвет:Серебристый;Память:256";;aEhaLrEEuai6gXO5JvM4;575061409092;0;0;0;0;;;;;
757757940702;;;;;"MacBook Air 2022 - Серебристый - 256";;;https://static.tildacdn.com/stor3661-3534-4537-a365-393336633730/29447486.jpg;;;;"Цвет:Серебристый;Память:256";;aEhaLrEEuai6gXO5JvM4;575061409092;0;0;0;0;;;;;
146209608482;;;;;"MacBook Air 2022 - Серебристый - 256";;;https://static.tildacdn.com/stor3661-3534-4537-a365-393336633730/29447486.jpg;;;;"Цвет:Серебристый;Память:256";;aEhaLrEEuai6gXO5JvM4;575061409092;0;0;0;0;;;;;
897741432552;;;;;"MacBook Air 2022 - Серебристый - 256";;;https://static.tildacdn.com/stor3661-3534-4537-a365-393336633730/29447486.jpg;;;;"Цвет:Серебристый;Память:256";;aEhaLrEEuai6gXO5JvM4;575061409092;0;0;0;0;;;;;
514180644152;;;;;"MacBook Air 2022 - Серебристый - 512";;;https://static.tildacdn.com/stor3661-3534-4537-a365-393336633730/29447486.jpg;;;;;;0MROne6PVcPg67nPCgH8;;0;0;0;0;;;;;
293103274672;;;;;"MacBook Air 2022 - Серебристый - 512";;;https://static.tildacdn.com/stor3661-3534-4537-a365-393336633730/29447486.jpg;;;;"Цвет:Серебристый;Память:512";;0MROne6PVcPg67nPCgH8;514180644152;0;0;0;0;;;;;
241730020292;;;;;"MacBook Air 2022 - Серебристый - 512";;;https://static.tildacdn.com/stor3661-3534-4537-a365-393336633730/29447486.jpg;;;;"Цвет:Серебристый;Память:512";;0MROne6PVcPg67nPCgH8;514180644152;0;0;0;0;;;;;
307440748792;;;;;"MacBook Air 2022 - Серебристый - 512";;;https://static.tildacdn.com/stor3661-3534-4537-a365-393336633730/29447486.jpg;;;;"Цвет:Серебристый;Память:512";;0MROne6PVcPg67nPCgH8;514180644152;0;0;0;0;;;;;
162826503332;;;;;"MacBook Air 2022 - Серебристый - 512";;;https://static.tildacdn.com/stor3661-3534-4537-a365-393336633730/29447486.jpg;;;;"Цвет:Серебристый;Память:512";;0MROne6PVcPg67nPCgH8;514180644152;0;0;0;0;;;;;
569756138652;;;;;"MacBook Air 2022 - Сияющая звезда - 256";;;https://static.tildacdn.com/stor3365-3265-4362-a436-373331373631/65526916.jpg;;;;;;mX6g396ztyfhnyVOyiXz;;0;0;0;0;;;;;
725235013032;;;;;"MacBook Air 2022 - Сияющая звезда - 256";;;https://static.tildacdn.com/stor3365-3265-4362-a436-373331373631/65526916.jpg;;;;"Цвет:Сияющая звезда;Память:256";;mX6g396ztyfhnyVOyiXz;569756138652;0;0;0;0;;;;;
598963472962;;;;;"MacBook Air 2022 - Сияющая звезда - 256";;;https://static.tildacdn.com/stor3365-3265-4362-a436-373331373631/65526916.jpg;;;;"Цвет:Сияющая звезда;Память:256";;mX6g396ztyfhnyVOyiXz;569756138652;0;0;0;0;;;;;
764136210242;;;;;"MacBook Air 2022 - Сияющая звезда - 256";;;https://static.tildacdn.com/stor3365-3265-4362-a436-373331373631/65526916.jpg;;;;"Цвет:Сияющая звезда;Память:256";;mX6g396ztyfhnyVOyiXz;569756138652;0;0;0;0;;;;;
257031909412;;;;;"MacBook Air 2022 - Сияющая звезда - 256";;;https://static.tildacdn.com/stor3365-3265-4362-a436-373331373631/65526916.jpg;;;;"Цвет:Сияющая звезда;Память:256";;mX6g396ztyfhnyVOyiXz;569756138652;0;0;0;0;;;;;
316522930642;;;;;"MacBook Air 2022 - Сияющая звезда - 512";;;https://static.tildacdn.com/stor3365-3265-4362-a436-373331373631/65526916.jpg;;;;;;spZyUTL0YyvTRdVu2ZME;;0;0;0;0;;;;;
248154081582;;;;;"MacBook Air 2022 - Сияющая звезда - 512";;;https://static.tildacdn.com/stor3365-3265-4362-a436-373331373631/65526916.jpg;;;;"Цвет:Сияющая звезда;Память:512";;spZyUTL0YyvTRdVu2ZME;316522930642;0;0;0;0;;;;;
612747539272;;;;;"MacBook Air 2022 - Сияющая звезда - 512";;;https://static.tildacdn.com/stor3365-3265-4362-a436-373331373631/65526916.jpg;;;;"Цвет:Сияющая звезда;Память:512";;spZyUTL0YyvTRdVu2ZME;316522930642;0;0;0;0;;;;;
565425963192;;;;;"MacBook Air 2022 - Сияющая звезда - 512";;;https://static.tildacdn.com/stor3365-3265-4362-a436-373331373631/65526916.jpg;;;;"Цвет:Сияющая звезда;Память:512";;spZyUTL0YyvTRdVu2ZME;316522930642;0;0;0;0;;;;;
191005292252;;;;;"MacBook Air 2022 - Сияющая звезда - 512";;;https://static.tildacdn.com/stor3365-3265-4362-a436-373331373631/65526916.jpg;;;;"Цвет:Сияющая звезда;Память:512";;spZyUTL0YyvTRdVu2ZME;316522930642;0;0;0;0;;;;;
909248411512;;;;;"MacBook Air 2022 - Серый космос - 256";;;https://static.tildacdn.com/stor3731-3636-4032-a361-383332353638/11385970.jpg;;;;;;fPL2Mit7DM3GrnLGoekD;;0;0;0;0;;;;;
835694090552;;;;;"MacBook Air 2022 - Серый космос - 256";;;https://static.tildacdn.com/stor3731-3636-4032-a361-383332353638/11385970.jpg;;;;"Цвет:Серый космос;Память:256";;fPL2Mit7DM3GrnLGoekD;909248411512;0;0;0;0;;;;;
518936988392;;;;;"MacBook Air 2022 - Серый космос - 256";;;https://static.tildacdn.com/stor3731-3636-4032-a361-383332353638/11385970.jpg;;;;"Цвет:Серый космос;Память:256";;fPL2Mit7DM3GrnLGoekD;909248411512;0;0;0;0;;;;;
195541271322;;;;;"MacBook Air 2022 - Серый космос - 256";;;https://static.tildacdn.com/stor3731-3636-4032-a361-383332353638/11385970.jpg;;;;"Цвет:Серый космос;Память:256";;fPL2Mit7DM3GrnLGoekD;909248411512;0;0;0;0;;;;;
338414379102;;;;;"MacBook Air 2022 - Серый космос - 256";;;https://static.tildacdn.com/stor3731-3636-4032-a361-383332353638/11385970.jpg;;;;"Цвет:Серый космос;Память:256";;fPL2Mit7DM3GrnLGoekD;909248411512;0;0;0;0;;;;;
660216072132;;;;;"MacBook Air 2022 - Серый космос - 512";;;https://static.tildacdn.com/stor3731-3636-4032-a361-383332353638/11385970.jpg;;;;;;eRKc2G20rRNlURK9vdpl;;0;0;0;0;;;;;
687186537422;;;;;"MacBook Air 2022 - Серый космос - 512";;;https://static.tildacdn.com/stor3731-3636-4032-a361-383332353638/11385970.jpg;;;;"Цвет:Серый космос;Память:512";;eRKc2G20rRNlURK9vdpl;660216072132;0;0;0;0;;;;;
208651122962;;;;;"MacBook Air 2022 - Серый космос - 512";;;https://static.tildacdn.com/stor3731-3636-4032-a361-383332353638/11385970.jpg;;;;"Цвет:Серый космос;Память:512";;eRKc2G20rRNlURK9vdpl;660216072132;0;0;0;0;;;;;
687363348962;;;;;"MacBook Air 2022 - Серый космос - 512";;;https://static.tildacdn.com/stor3731-3636-4032-a361-383332353638/11385970.jpg;;;;"Цвет:Серый космос;Память:512";;eRKc2G20rRNlURK9vdpl;660216072132;0;0;0;0;;;;;
976522647102;;;;;"MacBook Air 2022 - Серый космос - 512";;;https://static.tildacdn.com/stor3731-3636-4032-a361-383332353638/11385970.jpg;;;;"Цвет:Серый космос;Память:512";;eRKc2G20rRNlURK9vdpl;660216072132;0;0;0;0;;;;;
221164325382;;;;;"MacBook Air 2019 - Серебристый - 128";;;;;;;;;toH6zZksXMAbTK8HYu0y;;0;0;0;0;;;;;
227673854962;;;;;"MacBook Air 2019 - Серебристый - 128";;;;;;;"Цвет:Серебристый;Память:128";;toH6zZksXMAbTK8HYu0y;221164325382;0;0;0;0;;;;;
895825413312;;;;;"MacBook Air 2019 - Серебристый - 128";;;;;;;"Цвет:Серебристый;Память:128";;toH6zZksXMAbTK8HYu0y;221164325382;0;0;0;0;;;;;
246870973472;;;;;"MacBook Air 2019 - Серебристый - 128";;;;;;;"Цвет:Серебристый;Память:128";;toH6zZksXMAbTK8HYu0y;221164325382;0;0;0;0;;;;;
332300425952;;;;;"MacBook Air 2019 - Серебристый - 128";;;;;;;"Цвет:Серебристый;Память:128";;toH6zZksXMAbTK8HYu0y;221164325382;0;0;0;0;;;;;
754023523062;;;;;"MacBook Air 2019 - Серебристый - 256";;;;;;;;;u2iSsgAvKeGDyKtiKoc1;;0;0;0;0;;;;;
801461795482;;;;;"MacBook Air 2019 - Серебристый - 256";;;;;;;"Цвет:Серебристый;Память:256";;u2iSsgAvKeGDyKtiKoc1;754023523062;0;0;0;0;;;;;
439911462632;;;;;"MacBook Air 2019 - Серебристый - 256";;;;;;;"Цвет:Серебристый;Память:256";;u2iSsgAvKeGDyKtiKoc1;754023523062;0;0;0;0;;;;;
537664132772;;;;;"MacBook Air 2019 - Серебристый - 256";;;;;;;"Цвет:Серебристый;Память:256";;u2iSsgAvKeGDyKtiKoc1;754023523062;0;0;0;0;;;;;
496707407092;;;;;"MacBook Air 2019 - Серебристый - 256";;;;;;;"Цвет:Серебристый;Память:256";;u2iSsgAvKeGDyKtiKoc1;754023523062;0;0;0;0;;;;;
157651258132;;;;;"MacBook Air 2019 - Серебристый - 512";;;;;;;;;Rgb7VNNmxl3jkXpDcfh2;;0;0;0;0;;;;;
355710061752;;;;;"MacBook Air 2019 - Серебристый - 512";;;;;;;"Цвет:Серебристый;Память:512";;Rgb7VNNmxl3jkXpDcfh2;157651258132;0;0;0;0;;;;;
120530468222;;;;;"MacBook Air 2019 - Серебристый - 512";;;;;;;"Цвет:Серебристый;Память:512";;Rgb7VNNmxl3jkXpDcfh2;157651258132;0;0;0;0;;;;;
491527330092;;;;;"MacBook Air 2019 - Серебристый - 512";;;;;;;"Цвет:Серебристый;Память:512";;Rgb7VNNmxl3jkXpDcfh2;157651258132;0;0;0;0;;;;;
648755222682;;;;;"MacBook Air 2019 - Серебристый - 512";;;;;;;"Цвет:Серебристый;Память:512";;Rgb7VNNmxl3jkXpDcfh2;157651258132;0;0;0;0;;;;;
686628050062;;;;;"MacBook Air 2019 - Серый космос - 128";;;;;;;;;GdYM8zskTVVlycFPIBMn;;0;0;0;0;;;;;
382478973272;;;;;"MacBook Air 2019 - Серый космос - 128";;;;;;;"Цвет:Серый космос;Память:128";;GdYM8zskTVVlycFPIBMn;686628050062;0;0;0;0;;;;;
634672469642;;;;;"MacBook Air 2019 - Серый космос - 128";;;;;;;"Цвет:Серый космос;Память:128";;GdYM8zskTVVlycFPIBMn;686628050062;0;0;0;0;;;;;
812753437792;;;;;"MacBook Air 2019 - Серый космос - 128";;;;;;;"Цвет:Серый космос;Память:128";;GdYM8zskTVVlycFPIBMn;686628050062;0;0;0;0;;;;;
565082901772;;;;;"MacBook Air 2019 - Серый космос - 128";;;;;;;"Цвет:Серый космос;Память:128";;GdYM8zskTVVlycFPIBMn;686628050062;0;0;0;0;;;;;
704472943842;;;;;"MacBook Air 2019 - Серый космос - 256";;;;;;;;;zAsZHtS7koo8mhl4Pbxl;;0;0;0;0;;;;;
857565212432;;;;;"MacBook Air 2019 - Серый космос - 256";;;;;;;"Цвет:Серый космос;Память:256";;zAsZHtS7koo8mhl4Pbxl;704472943842;0;0;0;0;;;;;
578832955852;;;;;"MacBook Air 2019 - Серый космос - 256";;;;;;;"Цвет:Серый космос;Память:256";;zAsZHtS7koo8mhl4Pbxl;704472943842;0;0;0;0;;;;;
200131129172;;;;;"MacBook Air 2019 - Серый космос - 256";;;;;;;"Цвет:Серый космос;Память:256";;zAsZHtS7koo8mhl4Pbxl;704472943842;0;0;0;0;;;;;
207390332832;;;;;"MacBook Air 2019 - Серый космос - 256";;;;;;;"Цвет:Серый космос;Память:256";;zAsZHtS7koo8mhl4Pbxl;704472943842;0;0;0;0;;;;;
979197217422;;;;;"MacBook Air 2019 - Серый космос - 512";;;;;;;;;s0gb1pFvp6Jf69bOUdU1;;0;0;0;0;;;;;
591102194082;;;;;"MacBook Air 2019 - Серый космос - 512";;;;;;;"Цвет:Серый космос;Память:512";;s0gb1pFvp6Jf69bOUdU1;979197217422;0;0;0;0;;;;;
620006680482;;;;;"MacBook Air 2019 - Серый космос - 512";;;;;;;"Цвет:Серый космос;Память:512";;s0gb1pFvp6Jf69bOUdU1;979197217422;0;0;0;0;;;;;
554101019792;;;;;"MacBook Air 2019 - Серый космос - 512";;;;;;;"Цвет:Серый космос;Память:512";;s0gb1pFvp6Jf69bOUdU1;979197217422;0;0;0;0;;;;;
209321613162;;;;;"MacBook Air 2019 - Серый космос - 512";;;;;;;"Цвет:Серый космос;Память:512";;s0gb1pFvp6Jf69bOUdU1;979197217422;0;0;0;0;;;;;
383061946462;;;;;"MacBook Air 2019 - Золото - 128";;;;;;;;;z6U4ykPS71K7nBsXAtab;;0;0;0;0;;;;;
920614964532;;;;;"MacBook Air 2019 - Золото - 128";;;;;;;"Цвет:Золото;Память:128";;z6U4ykPS71K7nBsXAtab;383061946462;0;0;0;0;;;;;
503073146072;;;;;"MacBook Air 2019 - Золото - 128";;;;;;;"Цвет:Золото;Память:128";;z6U4ykPS71K7nBsXAtab;383061946462;0;0;0;0;;;;;
952430350042;;;;;"MacBook Air 2019 - Золото - 128";;;;;;;"Цвет:Золото;Память:128";;z6U4ykPS71K7nBsXAtab;383061946462;0;0;0;0;;;;;
690219096862;;;;;"MacBook Air 2019 - Золото - 128";;;;;;;"Цвет:Золото;Память:128";;z6U4ykPS71K7nBsXAtab;383061946462;0;0;0;0;;;;;
943349121342;;;;;"MacBook Air 2019 - Золото - 256";;;;;;;;;yHA8zzjAd60j5BfCsgmC;;0;0;0;0;;;;;
194709230572;;;;;"MacBook Air 2019 - Золото - 256";;;;;;;"Цвет:Золото;Память:256";;yHA8zzjAd60j5BfCsgmC;943349121342;0;0;0;0;;;;;
345406148932;;;;;"MacBook Air 2019 - Золото - 256";;;;;;;"Цвет:Золото;Память:256";;yHA8zzjAd60j5BfCsgmC;943349121342;0;0;0;0;;;;;
633245089622;;;;;"MacBook Air 2019 - Золото - 256";;;;;;;"Цвет:Золото;Память:256";;yHA8zzjAd60j5BfCsgmC;943349121342;0;0;0;0;;;;;
936561039292;;;;;"MacBook Air 2019 - Золото - 256";;;;;;;"Цвет:Золото;Память:256";;yHA8zzjAd60j5BfCsgmC;943349121342;0;0;0;0;;;;;
138060944292;;;;;"MacBook Air 2019 - Золото - 512";;;;;;;;;Obs5dbcEVHIZFUNh6eIA;;0;0;0;0;;;;;
701670097452;;;;;"MacBook Air 2019 - Золото - 512";;;;;;;"Цвет:Золото;Память:512";;Obs5dbcEVHIZFUNh6eIA;138060944292;0;0;0;0;;;;;
884730499112;;;;;"MacBook Air 2019 - Золото - 512";;;;;;;"Цвет:Золото;Память:512";;Obs5dbcEVHIZFUNh6eIA;138060944292;0;0;0;0;;;;;
371752104972;;;;;"MacBook Air 2019 - Золото - 512";;;;;;;"Цвет:Золото;Память:512";;Obs5dbcEVHIZFUNh6eIA;138060944292;0;0;0;0;;;;;
293104283012;;;;;"MacBook Air 2019 - Золото - 512";;;;;;;"Цвет:Золото;Память:512";;Obs5dbcEVHIZFUNh6eIA;138060944292;0;0;0;0;;;;;
153837284382;;;;;"MacBook Pro 2019 13"" - Серый космос - 256";;;;;;;;;XRtzOgY5MYCevXCHYgVy;;0;0;0;0;;;;;
946231530842;;;;;"MacBook Pro 2019 13"" - Серый космос - 256";;;;;;;"Цвет:Серый космос;Память:256";;XRtzOgY5MYCevXCHYgVy;153837284382;0;0;0;0;;;;;
741587273682;;;;;"MacBook Pro 2019 13"" - Серый космос - 256";;;;;;;"Цвет:Серый космос;Память:256";;XRtzOgY5MYCevXCHYgVy;153837284382;0;0;0;0;;;;;
516624253662;;;;;"MacBook Pro 2019 13"" - Серый космос - 256";;;;;;;"Цвет:Серый космос;Память:256";;XRtzOgY5MYCevXCHYgVy;153837284382;0;0;0;0;;;;;
751262716472;;;;;"MacBook Pro 2019 13"" - Серый космос - 256";;;;;;;"Цвет:Серый космос;Память:256";;XRtzOgY5MYCevXCHYgVy;153837284382;0;0;0;0;;;;;
939123362502;;;;;"MacBook Pro 2019 13"" - Серый космос - 512";;;;;;;;;JbGyBPDRNEAOaPVsymnv;;0;0;0;0;;;;;
397088382382;;;;;"MacBook Pro 2019 13"" - Серый космос - 512";;;;;;;"Цвет:Серый космос;Память:512";;JbGyBPDRNEAOaPVsymnv;939123362502;0;0;0;0;;;;;
777751384782;;;;;"MacBook Pro 2019 13"" - Серый космос - 512";;;;;;;"Цвет:Серый космос;Память:512";;JbGyBPDRNEAOaPVsymnv;939123362502;0;0;0;0;;;;;
820551630752;;;;;"MacBook Pro 2019 13"" - Серый космос - 512";;;;;;;"Цвет:Серый космос;Память:512";;JbGyBPDRNEAOaPVsymnv;939123362502;0;0;0;0;;;;;
722010773252;;;;;"MacBook Pro 2019 13"" - Серый космос - 512";;;;;;;"Цвет:Серый космос;Память:512";;JbGyBPDRNEAOaPVsymnv;939123362502;0;0;0;0;;;;;
931077763362;;;;;"MacBook Pro 2019 13"" - Серый космос - 1024";;;;;;;;;e0oDdXEzX1EC811ikZvr;;0;0;0;0;;;;;
982605633322;;;;;"MacBook Pro 2019 13"" - Серый космос - 1024";;;;;;;"Цвет:Серый космос;Память:1024";;e0oDdXEzX1EC811ikZvr;931077763362;0;0;0;0;;;;;
565297204732;;;;;"MacBook Pro 2019 13"" - Серый космос - 1024";;;;;;;"Цвет:Серый космос;Память:1024";;e0oDdXEzX1EC811ikZvr;931077763362;0;0;0;0;;;;;
959375483842;;;;;"MacBook Pro 2019 13"" - Серый космос - 1024";;;;;;;"Цвет:Серый космос;Память:1024";;e0oDdXEzX1EC811ikZvr;931077763362;0;0;0;0;;;;;
346236386042;;;;;"MacBook Pro 2019 13"" - Серый космос - 1024";;;;;;;"Цвет:Серый космос;Память:1024";;e0oDdXEzX1EC811ikZvr;931077763362;0;0;0;0;;;;;
710024121092;;;;;"MacBook Pro 2019 13"" - Серебристый - 256";;;;;;;;;71Sls2XMjzTK393bYndE;;0;0;0;0;;;;;
200460233042;;;;;"MacBook Pro 2019 13"" - Серебристый - 256";;;;;;;"Цвет:Серебристый;Память:256";;71Sls2XMjzTK393bYndE;710024121092;0;0;0;0;;;;;
743542170952;;;;;"MacBook Pro 2019 13"" - Серебристый - 256";;;;;;;"Цвет:Серебристый;Память:256";;71Sls2XMjzTK393bYndE;710024121092;0;0;0;0;;;;;
461874988342;;;;;"MacBook Pro 2019 13"" - Серебристый - 256";;;;;;;"Цвет:Серебристый;Память:256";;71Sls2XMjzTK393bYndE;710024121092;0;0;0;0;;;;;
150516762822;;;;;"MacBook Pro 2019 13"" - Серебристый - 256";;;;;;;"Цвет:Серебристый;Память:256";;71Sls2XMjzTK393bYndE;710024121092;0;0;0;0;;;;;
454069571502;;;;;"MacBook Pro 2019 13"" - Серебристый - 512";;;;;;;;;TmoLHZuh4kp9pm91yesY;;0;0;0;0;;;;;
910102390952;;;;;"MacBook Pro 2019 13"" - Серебристый - 512";;;;;;;"Цвет:Серебристый;Память:512";;TmoLHZuh4kp9pm91yesY;454069571502;0;0;0;0;;;;;
129772069312;;;;;"MacBook Pro 2019 13"" - Серебристый - 512";;;;;;;"Цвет:Серебристый;Память:512";;TmoLHZuh4kp9pm91yesY;454069571502;0;0;0;0;;;;;
103985647872;;;;;"MacBook Pro 2019 13"" - Серебристый - 512";;;;;;;"Цвет:Серебристый;Память:512";;TmoLHZuh4kp9pm91yesY;454069571502;0;0;0;0;;;;;
830357395582;;;;;"MacBook Pro 2019 13"" - Серебристый - 512";;;;;;;"Цвет:Серебристый;Память:512";;TmoLHZuh4kp9pm91yesY;454069571502;0;0;0;0;;;;;
758709203472;;;;;"MacBook Pro 2019 13"" - Серебристый - 1024";;;;;;;;;VXnJ4NYXZhsYUC3KlefI;;0;0;0;0;;;;;
858604083082;;;;;"MacBook Pro 2019 13"" - Серебристый - 1024";;;;;;;"Цвет:Серебристый;Память:1024";;VXnJ4NYXZhsYUC3KlefI;758709203472;0;0;0;0;;;;;
238726483862;;;;;"MacBook Pro 2019 13"" - Серебристый - 1024";;;;;;;"Цвет:Серебристый;Память:1024";;VXnJ4NYXZhsYUC3KlefI;758709203472;0;0;0;0;;;;;
305734468832;;;;;"MacBook Pro 2019 13"" - Серебристый - 1024";;;;;;;"Цвет:Серебристый;Память:1024";;VXnJ4NYXZhsYUC3KlefI;758709203472;0;0;0;0;;;;;
359318034882;;;;;"MacBook Pro 2019 13"" - Серебристый - 1024";;;;;;;"Цвет:Серебристый;Память:1024";;VXnJ4NYXZhsYUC3KlefI;758709203472;0;0;0;0;;;;;
728095556102;;;;;"MacBook Pro 2019 15"" - Серый космос - 256";;;;;;;;;7pAxPuU5yX4e9Df4vP5s;;0;0;0;0;;;;;
606216752472;;;;;"MacBook Pro 2019 15"" - Серый космос - 256";;;;;;;"Цвет:Серый космос;Память:256";;7pAxPuU5yX4e9Df4vP5s;728095556102;0;0;0;0;;;;;
156704410262;;;;;"MacBook Pro 2019 15"" - Серый космос - 256";;;;;;;"Цвет:Серый космос;Память:256";;7pAxPuU5yX4e9Df4vP5s;728095556102;0;0;0;0;;;;;
668814918652;;;;;"MacBook Pro 2019 15"" - Серый космос - 256";;;;;;;"Цвет:Серый космос;Память:256";;7pAxPuU5yX4e9Df4vP5s;728095556102;0;0;0;0;;;;;
171041601742;;;;;"MacBook Pro 2019 15"" - Серый космос - 256";;;;;;;"Цвет:Серый космос;Память:256";;7pAxPuU5yX4e9Df4vP5s;728095556102;0;0;0;0;;;;;
558601136362;;;;;"MacBook Pro 2019 15"" - Серый космос - 512";;;;;;;;;veNnII5mG27BDOoiHgE4;;0;0;0;0;;;;;
449547771292;;;;;"MacBook Pro 2019 15"" - Серый космос - 512";;;;;;;"Цвет:Серый космос;Память:512";;veNnII5mG27BDOoiHgE4;558601136362;0;0;0;0;;;;;
955683914772;;;;;"MacBook Pro 2019 15"" - Серый космос - 512";;;;;;;"Цвет:Серый космос;Память:512";;veNnII5mG27BDOoiHgE4;558601136362;0;0;0;0;;;;;
244166478922;;;;;"MacBook Pro 2019 15"" - Серый космос - 512";;;;;;;"Цвет:Серый космос;Память:512";;veNnII5mG27BDOoiHgE4;558601136362;0;0;0;0;;;;;
307121822322;;;;;"MacBook Pro 2019 15"" - Серый космос - 512";;;;;;;"Цвет:Серый космос;Память:512";;veNnII5mG27BDOoiHgE4;558601136362;0;0;0;0;;;;;
638669201562;;;;;"MacBook Pro 2019 15"" - Серый космос - 1024";;;;;;;;;heCFxTRbfj8r2PXRLKZc;;0;0;0;0;;;;;
394676771942;;;;;"MacBook Pro 2019 15"" - Серый космос - 1024";;;;;;;"Цвет:Серый космос;Память:1024";;heCFxTRbfj8r2PXRLKZc;638669201562;0;0;0;0;;;;;
408582020132;;;;;"MacBook Pro 2019 15"" - Серый космос - 1024";;;;;;;"Цвет:Серый космос;Память:1024";;heCFxTRbfj8r2PXRLKZc;638669201562;0;0;0;0;;;;;
683851395322;;;;;"MacBook Pro 2019 15"" - Серый космос - 1024";;;;;;;"Цвет:Серый космос;Память:1024";;heCFxTRbfj8r2PXRLKZc;638669201562;0;0;0;0;;;;;
748672981502;;;;;"MacBook Pro 2019 15"" - Серый космос - 1024";;;;;;;"Цвет:Серый космос;Память:1024";;heCFxTRbfj8r2PXRLKZc;638669201562;0;0;0;0;;;;;
769023466542;;;;;"MacBook Pro 2019 15"" - Серебристый - 256";;;;;;;;;Ys34inmyKvhY26H2IRhL;;0;0;0;0;;;;;
951861167402;;;;;"MacBook Pro 2019 15"" - Серебристый - 256";;;;;;;"Цвет:Серебристый;Память:256";;Ys34inmyKvhY26H2IRhL;769023466542;0;0;0;0;;;;;
959595136732;;;;;"MacBook Pro 2019 15"" - Серебристый - 256";;;;;;;"Цвет:Серебристый;Память:256";;Ys34inmyKvhY26H2IRhL;769023466542;0;0;0;0;;;;;
485246279672;;;;;"MacBook Pro 2019 15"" - Серебристый - 256";;;;;;;"Цвет:Серебристый;Память:256";;Ys34inmyKvhY26H2IRhL;769023466542;0;0;0;0;;;;;
681961090142;;;;;"MacBook Pro 2019 15"" - Серебристый - 256";;;;;;;"Цвет:Серебристый;Память:256";;Ys34inmyKvhY26H2IRhL;769023466542;0;0;0;0;;;;;
579003910482;;;;;"MacBook Pro 2019 15"" - Серебристый - 512";;;;;;;;;xjUVDoEEKC51Jv2vdRUx;;0;0;0;0;;;;;
984246165002;;;;;"MacBook Pro 2019 15"" - Серебристый - 512";;;;;;;"Цвет:Серебристый;Память:512";;xjUVDoEEKC51Jv2vdRUx;579003910482;0;0;0;0;;;;;
898176556982;;;;;"MacBook Pro 2019 15"" - Серебристый - 512";;;;;;;"Цвет:Серебристый;Память:512";;xjUVDoEEKC51Jv2vdRUx;579003910482;0;0;0;0;;;;;
652160993362;;;;;"MacBook Pro 2019 15"" - Серебристый - 512";;;;;;;"Цвет:Серебристый;Память:512";;xjUVDoEEKC51Jv2vdRUx;579003910482;0;0;0;0;;;;;
253825500332;;;;;"MacBook Pro 2019 15"" - Серебристый - 512";;;;;;;"Цвет:Серебристый;Память:512";;xjUVDoEEKC51Jv2vdRUx;579003910482;0;0;0;0;;;;;
133130221122;;;;;"MacBook Pro 2019 15"" - Серебристый - 1024";;;;;;;;;vgrxkcea8OFZ3GNoSI16;;0;0;0;0;;;;;
682479141132;;;;;"MacBook Pro 2019 15"" - Серебристый - 1024";;;;;;;"Цвет:Серебристый;Память:1024";;vgrxkcea8OFZ3GNoSI16;133130221122;0;0;0;0;;;;;
921033999722;;;;;"MacBook Pro 2019 15"" - Серебристый - 1024";;;;;;;"Цвет:Серебристый;Память:1024";;vgrxkcea8OFZ3GNoSI16;133130221122;0;0;0;0;;;;;
273446507142;;;;;"MacBook Pro 2019 15"" - Серебристый - 1024";;;;;;;"Цвет:Серебристый;Память:1024";;vgrxkcea8OFZ3GNoSI16;133130221122;0;0;0;0;;;;;
359834480942;;;;;"MacBook Pro 2019 15"" - Серебристый - 1024";;;;;;;"Цвет:Серебристый;Память:1024";;vgrxkcea8OFZ3GNoSI16;133130221122;0;0;0;0;;;;;
258328594532;;;;;"MacBook Pro 2019 16"" - Серебристый - 256";;;;;;;;;SEvu6ykYcm7KXgdLOcUO;;0;0;0;0;;;;;
842076237932;;;;;"MacBook Pro 2019 16"" - Серебристый - 256";;;;;;;"Цвет:Серебристый;Память:256";;SEvu6ykYcm7KXgdLOcUO;258328594532;0;0;0;0;;;;;
349302050962;;;;;"MacBook Pro 2019 16"" - Серебристый - 256";;;;;;;"Цвет:Серебристый;Память:256";;SEvu6ykYcm7KXgdLOcUO;258328594532;0;0;0;0;;;;;
140274288082;;;;;"MacBook Pro 2019 16"" - Серебристый - 256";;;;;;;"Цвет:Серебристый;Память:256";;SEvu6ykYcm7KXgdLOcUO;258328594532;0;0;0;0;;;;;
817098931372;;;;;"MacBook Pro 2019 16"" - Серебристый - 256";;;;;;;"Цвет:Серебристый;Память:256";;SEvu6ykYcm7KXgdLOcUO;258328594532;0;0;0;0;;;;;
835582318952;;;;;"MacBook Pro 2019 16"" - Серебристый - 512";;;;;;;;;ZIAIYC8NyOkAxPEpfDc8;;0;0;0;0;;;;;
699966920122;;;;;"MacBook Pro 2019 16"" - Серебристый - 512";;;;;;;"Цвет:Серебристый;Память:512";;ZIAIYC8NyOkAxPEpfDc8;835582318952;0;0;0;0;;;;;
561253409682;;;;;"MacBook Pro 2019 16"" - Серебристый - 512";;;;;;;"Цвет:Серебристый;Память:512";;ZIAIYC8NyOkAxPEpfDc8;835582318952;0;0;0;0;;;;;
479909577182;;;;;"MacBook Pro 2019 16"" - Серебристый - 512";;;;;;;"Цвет:Серебристый;Память:512";;ZIAIYC8NyOkAxPEpfDc8;835582318952;0;0;0;0;;;;;
532923697632;;;;;"MacBook Pro 2019 16"" - Серебристый - 512";;;;;;;"Цвет:Серебристый;Память:512";;ZIAIYC8NyOkAxPEpfDc8;835582318952;0;0;0;0;;;;;
357703939412;;;;;"MacBook Pro 2019 16"" - Серебристый - 1024";;;;;;;;;vJKpDI0lvTX77J9f6pXO;;0;0;0;0;;;;;
819170814712;;;;;"MacBook Pro 2019 16"" - Серебристый - 1024";;;;;;;"Цвет:Серебристый;Память:1024";;vJKpDI0lvTX77J9f6pXO;357703939412;0;0;0;0;;;;;
496162889122;;;;;"MacBook Pro 2019 16"" - Серебристый - 1024";;;;;;;"Цвет:Серебристый;Память:1024";;vJKpDI0lvTX77J9f6pXO;357703939412;0;0;0;0;;;;;
996495680962;;;;;"MacBook Pro 2019 16"" - Серебристый - 1024";;;;;;;"Цвет:Серебристый;Память:1024";;vJKpDI0lvTX77J9f6pXO;357703939412;0;0;0;0;;;;;
120168745102;;;;;"MacBook Pro 2019 16"" - Серебристый - 1024";;;;;;;"Цвет:Серебристый;Память:1024";;vJKpDI0lvTX77J9f6pXO;357703939412;0;0;0;0;;;;;
141174021802;;;;;"MacBook Pro 2019 16"" - Серый космос - 256";;;;;;;;;Hn7eR7kRtRYYMSChnxFY;;0;0;0;0;;;;;
551447328232;;;;;"MacBook Pro 2019 16"" - Серый космос - 256";;;;;;;"Цвет:Серый космос;Память:256";;Hn7eR7kRtRYYMSChnxFY;141174021802;0;0;0;0;;;;;
805170085022;;;;;"MacBook Pro 2019 16"" - Серый космос - 256";;;;;;;"Цвет:Серый космос;Память:256";;Hn7eR7kRtRYYMSChnxFY;141174021802;0;0;0;0;;;;;
219589256352;;;;;"MacBook Pro 2019 16"" - Серый космос - 256";;;;;;;"Цвет:Серый космос;Память:256";;Hn7eR7kRtRYYMSChnxFY;141174021802;0;0;0;0;;;;;
425562328532;;;;;"MacBook Pro 2019 16"" - Серый космос - 256";;;;;;;"Цвет:Серый космос;Память:256";;Hn7eR7kRtRYYMSChnxFY;141174021802;0;0;0;0;;;;;
538506656392;;;;;"MacBook Pro 2019 16"" - Серый космос - 512";;;;;;;;;CXF8nmOBeuuy1G3bEY4d;;0;0;0;0;;;;;
394931699332;;;;;"MacBook Pro 2019 16"" - Серый космос - 512";;;;;;;"Цвет:Серый космос;Память:512";;CXF8nmOBeuuy1G3bEY4d;538506656392;0;0;0;0;;;;;
432358892742;;;;;"MacBook Pro 2019 16"" - Серый космос - 512";;;;;;;"Цвет:Серый космос;Память:512";;CXF8nmOBeuuy1G3bEY4d;538506656392;0;0;0;0;;;;;
403865352912;;;;;"MacBook Pro 2019 16"" - Серый космос - 512";;;;;;;"Цвет:Серый космос;Память:512";;CXF8nmOBeuuy1G3bEY4d;538506656392;0;0;0;0;;;;;
288475420082;;;;;"MacBook Pro 2019 16"" - Серый космос - 512";;;;;;;"Цвет:Серый космос;Память:512";;CXF8nmOBeuuy1G3bEY4d;538506656392;0;0;0;0;;;;;
700303934602;;;;;"MacBook Pro 2019 16"" - Серый космос - 1024";;;;;;;;;UbafO697zcKXSS5yhiLn;;0;0;0;0;;;;;
508400267592;;;;;"MacBook Pro 2019 16"" - Серый космос - 1024";;;;;;;"Цвет:Серый космос;Память:1024";;UbafO697zcKXSS5yhiLn;700303934602;0;0;0;0;;;;;
116770207972;;;;;"MacBook Pro 2019 16"" - Серый космос - 1024";;;;;;;"Цвет:Серый космос;Память:1024";;UbafO697zcKXSS5yhiLn;700303934602;0;0;0;0;;;;;
282833179592;;;;;"MacBook Pro 2019 16"" - Серый космос - 1024";;;;;;;"Цвет:Серый космос;Память:1024";;UbafO697zcKXSS5yhiLn;700303934602;0;0;0;0;;;;;
255274439582;;;;;"MacBook Pro 2019 16"" - Серый космос - 1024";;;;;;;"Цвет:Серый космос;Память:1024";;UbafO697zcKXSS5yhiLn;700303934602;0;0;0;0;;;;;
922212900832;;;;;"MacBook Air M1 2020 - Золото - 128";;;;;;;;;TR8Si3SVELOKvtZm5edK;;0;0;0;0;;;;;
189171964772;;;;;"MacBook Air M1 2020 - Золото - 128";;;;;;;"Цвет:Золото;Память:128";;TR8Si3SVELOKvtZm5edK;922212900832;0;0;0;0;;;;;
570228097322;;;;;"MacBook Air M1 2020 - Золото - 128";;;;;;;"Цвет:Золото;Память:128";;TR8Si3SVELOKvtZm5edK;922212900832;0;0;0;0;;;;;
107124973702;;;;;"MacBook Air M1 2020 - Золото - 128";;;;;;;"Цвет:Золото;Память:128";;TR8Si3SVELOKvtZm5edK;922212900832;0;0;0;0;;;;;
717557284002;;;;;"MacBook Air M1 2020 - Золото - 128";;;;;;;"Цвет:Золото;Память:128";;TR8Si3SVELOKvtZm5edK;922212900832;0;0;0;0;;;;;
426944001632;;;;;"MacBook Air M1 2020 - Золото - 256";;;;;;;;;L1Cm33GGrC5MDbpvItLu;;0;0;0;0;;;;;
572772071402;;;;;"MacBook Air M1 2020 - Золото - 256";;;;;;;"Цвет:Золото;Память:256";;L1Cm33GGrC5MDbpvItLu;426944001632;0;0;0;0;;;;;
220277168362;;;;;"MacBook Air M1 2020 - Золото - 256";;;;;;;"Цвет:Золото;Память:256";;L1Cm33GGrC5MDbpvItLu;426944001632;0;0;0;0;;;;;
539627112942;;;;;"MacBook Air M1 2020 - Золото - 256";;;;;;;"Цвет:Золото;Память:256";;L1Cm33GGrC5MDbpvItLu;426944001632;0;0;0;0;;;;;
801249407412;;;;;"MacBook Air M1 2020 - Золото - 256";;;;;;;"Цвет:Золото;Память:256";;L1Cm33GGrC5MDbpvItLu;426944001632;0;0;0;0;;;;;
201933088342;;;;;"MacBook Air M1 2020 - Золото - 512";;;;;;;;;U8Ig0YaEYfiP72Iopocp;;0;0;0;0;;;;;
764955973282;;;;;"MacBook Air M1 2020 - Золото - 512";;;;;;;"Цвет:Золото;Память:512";;U8Ig0YaEYfiP72Iopocp;201933088342;0;0;0;0;;;;;
290953541312;;;;;"MacBook Air M1 2020 - Золото - 512";;;;;;;"Цвет:Золото;Память:512";;U8Ig0YaEYfiP72Iopocp;201933088342;0;0;0;0;;;;;
564156276142;;;;;"MacBook Air M1 2020 - Золото - 512";;;;;;;"Цвет:Золото;Память:512";;U8Ig0YaEYfiP72Iopocp;201933088342;0;0;0;0;;;;;
403820875312;;;;;"MacBook Air M1 2020 - Золото - 512";;;;;;;"Цвет:Золото;Память:512";;U8Ig0YaEYfiP72Iopocp;201933088342;0;0;0;0;;;;;
886351252992;;;;;"MacBook Air M1 2020 - Серебристый - 128";;;;;;;;;tlC4yVPy7Mj4JmxjCReP;;0;0;0;0;;;;;
257748760492;;;;;"MacBook Air M1 2020 - Серебристый - 128";;;;;;;"Цвет:Серебристый;Память:128";;tlC4yVPy7Mj4JmxjCReP;886351252992;0;0;0;0;;;;;
412344845572;;;;;"MacBook Air M1 2020 - Серебристый - 128";;;;;;;"Цвет:Серебристый;Память:128";;tlC4yVPy7Mj4JmxjCReP;886351252992;0;0;0;0;;;;;
173276266182;;;;;"MacBook Air M1 2020 - Серебристый - 128";;;;;;;"Цвет:Серебристый;Память:128";;tlC4yVPy7Mj4JmxjCReP;886351252992;0;0;0;0;;;;;
581694960652;;;;;"MacBook Air M1 2020 - Серебристый - 128";;;;;;;"Цвет:Серебристый;Память:128";;tlC4yVPy7Mj4JmxjCReP;886351252992;0;0;0;0;;;;;
911871515522;;;;;"MacBook Air M1 2020 - Серебристый - 256";;;;;;;;;bsxPaavd4tmZAV7b12lo;;0;0;0;0;;;;;
194475939592;;;;;"MacBook Air M1 2020 - Серебристый - 256";;;;;;;"Цвет:Серебристый;Память:256";;bsxPaavd4tmZAV7b12lo;911871515522;0;0;0;0;;;;;
623182911012;;;;;"MacBook Air M1 2020 - Серебристый - 256";;;;;;;"Цвет:Серебристый;Память:256";;bsxPaavd4tmZAV7b12lo;911871515522;0;0;0;0;;;;;
873360683752;;;;;"MacBook Air M1 2020 - Серебристый - 256";;;;;;;"Цвет:Серебристый;Память:256";;bsxPaavd4tmZAV7b12lo;911871515522;0;0;0;0;;;;;
600531336392;;;;;"MacBook Air M1 2020 - Серебристый - 256";;;;;;;"Цвет:Серебристый;Память:256";;bsxPaavd4tmZAV7b12lo;911871515522;0;0;0;0;;;;;
867689371882;;;;;"MacBook Air M1 2020 - Серебристый - 512";;;;;;;;;SkeABYN6hz5a7EH0LVz6;;0;0;0;0;;;;;
159950787062;;;;;"MacBook Air M1 2020 - Серебристый - 512";;;;;;;"Цвет:Серебристый;Память:512";;SkeABYN6hz5a7EH0LVz6;867689371882;0;0;0;0;;;;;
416558700002;;;;;"MacBook Air M1 2020 - Серебристый - 512";;;;;;;"Цвет:Серебристый;Память:512";;SkeABYN6hz5a7EH0LVz6;867689371882;0;0;0;0;;;;;
418033017282;;;;;"MacBook Air M1 2020 - Серебристый - 512";;;;;;;"Цвет:Серебристый;Память:512";;SkeABYN6hz5a7EH0LVz6;867689371882;0;0;0;0;;;;;
346954579792;;;;;"MacBook Air M1 2020 - Серебристый - 512";;;;;;;"Цвет:Серебристый;Память:512";;SkeABYN6hz5a7EH0LVz6;867689371882;0;0;0;0;;;;;
981172407232;;;;;"MacBook Air M1 2020 - Серый космос - 128";;;;;;;;;5hl81e8AbpvYgge5HMJ8;;0;0;0;0;;;;;
468352925462;;;;;"MacBook Air M1 2020 - Серый космос - 128";;;;;;;"Цвет:Серый космос;Память:128";;5hl81e8AbpvYgge5HMJ8;981172407232;0;0;0;0;;;;;
858337209922;;;;;"MacBook Air M1 2020 - Серый космос - 128";;;;;;;"Цвет:Серый космос;Память:128";;5hl81e8AbpvYgge5HMJ8;981172407232;0;0;0;0;;;;;
398802344582;;;;;"MacBook Air M1 2020 - Серый космос - 128";;;;;;;"Цвет:Серый космос;Память:128";;5hl81e8AbpvYgge5HMJ8;981172407232;0;0;0;0;;;;;
276435921252;;;;;"MacBook Air M1 2020 - Серый космос - 128";;;;;;;"Цвет:Серый космос;Память:128";;5hl81e8AbpvYgge5HMJ8;981172407232;0;0;0;0;;;;;
843169538732;;;;;"MacBook Air M1 2020 - Серый космос - 256";;;;;;;;;OEefmlxBejChSOIffCZi;;0;0;0;0;;;;;
318707491942;;;;;"MacBook Air M1 2020 - Серый космос - 256";;;;;;;"Цвет:Серый космос;Память:256";;OEefmlxBejChSOIffCZi;843169538732;0;0;0;0;;;;;
653559206662;;;;;"MacBook Air M1 2020 - Серый космос - 256";;;;;;;"Цвет:Серый космос;Память:256";;OEefmlxBejChSOIffCZi;843169538732;0;0;0;0;;;;;
852829714762;;;;;"MacBook Air M1 2020 - Серый космос - 256";;;;;;;"Цвет:Серый космос;Память:256";;OEefmlxBejChSOIffCZi;843169538732;0;0;0;0;;;;;
695491256002;;;;;"MacBook Air M1 2020 - Серый космос - 256";;;;;;;"Цвет:Серый космос;Память:256";;OEefmlxBejChSOIffCZi;843169538732;0;0;0;0;;;;;
648135382622;;;;;"MacBook Air M1 2020 - Серый космос - 512";;;;;;;;;by6vvhY2z5jC5PdrHRU1;;0;0;0;0;;;;;
679936946002;;;;;"MacBook Air M1 2020 - Серый космос - 512";;;;;;;"Цвет:Серый космос;Память:512";;by6vvhY2z5jC5PdrHRU1;648135382622;0;0;0;0;;;;;
474454229782;;;;;"MacBook Air M1 2020 - Серый космос - 512";;;;;;;"Цвет:Серый космос;Память:512";;by6vvhY2z5jC5PdrHRU1;648135382622;0;0;0;0;;;;;
388239668392;;;;;"MacBook Air M1 2020 - Серый космос - 512";;;;;;;"Цвет:Серый космос;Память:512";;by6vvhY2z5jC5PdrHRU1;648135382622;0;0;0;0;;;;;
101562755922;;;;;"MacBook Air M1 2020 - Серый космос - 512";;;;;;;"Цвет:Серый космос;Память:512";;by6vvhY2z5jC5PdrHRU1;648135382622;0;0;0;0;;;;;
719233947922;;;;;"MacBook Pro 2020 13"" - Серебристый - 512";;;;;;;;;NDO7LVNOMCaFboZ28XpL;;0;0;0;0;;;;;
417413211752;;;;;"MacBook Pro 2020 13"" - Серебристый - 512";;;;;;;"Цвет:Серебристый;Память:512";;NDO7LVNOMCaFboZ28XpL;719233947922;0;0;0;0;;;;;
793285799732;;;;;"MacBook Pro 2020 13"" - Серебристый - 512";;;;;;;"Цвет:Серебристый;Память:512";;NDO7LVNOMCaFboZ28XpL;719233947922;0;0;0;0;;;;;
494134088812;;;;;"MacBook Pro 2020 13"" - Серебристый - 512";;;;;;;"Цвет:Серебристый;Память:512";;NDO7LVNOMCaFboZ28XpL;719233947922;0;0;0;0;;;;;
781613676112;;;;;"MacBook Pro 2020 13"" - Серебристый - 512";;;;;;;"Цвет:Серебристый;Память:512";;NDO7LVNOMCaFboZ28XpL;719233947922;0;0;0;0;;;;;
616694738162;;;;;"MacBook Pro 2020 13"" - Серебристый - 1024";;;;;;;;;ONy4gGm8R9CaIEIoKAxM;;0;0;0;0;;;;;
173797889742;;;;;"MacBook Pro 2020 13"" - Серебристый - 1024";;;;;;;"Цвет:Серебристый;Память:1024";;ONy4gGm8R9CaIEIoKAxM;616694738162;0;0;0;0;;;;;
520603390622;;;;;"MacBook Pro 2020 13"" - Серебристый - 1024";;;;;;;"Цвет:Серебристый;Память:1024";;ONy4gGm8R9CaIEIoKAxM;616694738162;0;0;0;0;;;;;
941577221582;;;;;"MacBook Pro 2020 13"" - Серебристый - 1024";;;;;;;"Цвет:Серебристый;Память:1024";;ONy4gGm8R9CaIEIoKAxM;616694738162;0;0;0;0;;;;;
643289346742;;;;;"MacBook Pro 2020 13"" - Серебристый - 1024";;;;;;;"Цвет:Серебристый;Память:1024";;ONy4gGm8R9CaIEIoKAxM;616694738162;0;0;0;0;;;;;
748738399832;;;;;"MacBook Pro 2020 13"" - Серый космос - 512";;;;;;;;;4azvJBN8IEfG0JBnYFBx;;0;0;0;0;;;;;
615755803202;;;;;"MacBook Pro 2020 13"" - Серый космос - 512";;;;;;;"Цвет:Серый космос;Память:512";;4azvJBN8IEfG0JBnYFBx;748738399832;0;0;0;0;;;;;
225515650532;;;;;"MacBook Pro 2020 13"" - Серый космос - 512";;;;;;;"Цвет:Серый космос;Память:512";;4azvJBN8IEfG0JBnYFBx;748738399832;0;0;0;0;;;;;
654444497942;;;;;"MacBook Pro 2020 13"" - Серый космос - 512";;;;;;;"Цвет:Серый космос;Память:512";;4azvJBN8IEfG0JBnYFBx;748738399832;0;0;0;0;;;;;
128796310892;;;;;"MacBook Pro 2020 13"" - Серый космос - 512";;;;;;;"Цвет:Серый космос;Память:512";;4azvJBN8IEfG0JBnYFBx;748738399832;0;0;0;0;;;;;
716918412472;;;;;"MacBook Pro 2020 13"" - Серый космос - 1024";;;;;;;;;X1t3rtbB3Jm8GFNEBMPK;;0;0;0;0;;;;;
411536586462;;;;;"MacBook Pro 2020 13"" - Серый космос - 1024";;;;;;;"Цвет:Серый космос;Память:1024";;X1t3rtbB3Jm8GFNEBMPK;716918412472;0;0;0;0;;;;;
867126053692;;;;;"MacBook Pro 2020 13"" - Серый космос - 1024";;;;;;;"Цвет:Серый космос;Память:1024";;X1t3rtbB3Jm8GFNEBMPK;716918412472;0;0;0;0;;;;;
883169397852;;;;;"MacBook Pro 2020 13"" - Серый космос - 1024";;;;;;;"Цвет:Серый космос;Память:1024";;X1t3rtbB3Jm8GFNEBMPK;716918412472;0;0;0;0;;;;;
887365743112;;;;;"MacBook Pro 2020 13"" - Серый космос - 1024";;;;;;;"Цвет:Серый космос;Память:1024";;X1t3rtbB3Jm8GFNEBMPK;716918412472;0;0;0;0;;;;;
299608947782;;;;;"MacBook Pro 2021 14"" - Серебристый - 512";;;;;;;;;f1jDY16GOFoRvVygS0L4;;0;0;0;0;;;;;
465937282922;;;;;"MacBook Pro 2021 14"" - Серебристый - 512";;;;;;;"Цвет:Серебристый;Память:512";;f1jDY16GOFoRvVygS0L4;299608947782;0;0;0;0;;;;;
991339700442;;;;;"MacBook Pro 2021 14"" - Серебристый - 512";;;;;;;"Цвет:Серебристый;Память:512";;f1jDY16GOFoRvVygS0L4;299608947782;0;0;0;0;;;;;
375945614812;;;;;"MacBook Pro 2021 14"" - Серебристый - 512";;;;;;;"Цвет:Серебристый;Память:512";;f1jDY16GOFoRvVygS0L4;299608947782;0;0;0;0;;;;;
618731700262;;;;;"MacBook Pro 2021 14"" - Серебристый - 512";;;;;;;"Цвет:Серебристый;Память:512";;f1jDY16GOFoRvVygS0L4;299608947782;0;0;0;0;;;;;
345145776282;;;;;"MacBook Pro 2021 14"" - Серебристый - 1024";;;;;;;;;Z8D0uVVAmAmGBOvAFcf2;;0;0;0;0;;;;;
225417590592;;;;;"MacBook Pro 2021 14"" - Серебристый - 1024";;;;;;;"Цвет:Серебристый;Память:1024";;Z8D0uVVAmAmGBOvAFcf2;345145776282;0;0;0;0;;;;;
250685970642;;;;;"MacBook Pro 2021 14"" - Серебристый - 1024";;;;;;;"Цвет:Серебристый;Память:1024";;Z8D0uVVAmAmGBOvAFcf2;345145776282;0;0;0;0;;;;;
391544862592;;;;;"MacBook Pro 2021 14"" - Серебристый - 1024";;;;;;;"Цвет:Серебристый;Память:1024";;Z8D0uVVAmAmGBOvAFcf2;345145776282;0;0;0;0;;;;;
146747724682;;;;;"MacBook Pro 2021 14"" - Серебристый - 1024";;;;;;;"Цвет:Серебристый;Память:1024";;Z8D0uVVAmAmGBOvAFcf2;345145776282;0;0;0;0;;;;;
719141807012;;;;;"MacBook Pro 2021 14"" - Серый космос - 512";;;;;;;;;Lvrs5jb4BsIaO0gTumv9;;0;0;0;0;;;;;
267035298112;;;;;"MacBook Pro 2021 14"" - Серый космос - 512";;;;;;;"Цвет:Серый космос;Память:512";;Lvrs5jb4BsIaO0gTumv9;719141807012;0;0;0;0;;;;;
386346482052;;;;;"MacBook Pro 2021 14"" - Серый космос - 512";;;;;;;"Цвет:Серый космос;Память:512";;Lvrs5jb4BsIaO0gTumv9;719141807012;0;0;0;0;;;;;
424982955592;;;;;"MacBook Pro 2021 14"" - Серый космос - 512";;;;;;;"Цвет:Серый космос;Память:512";;Lvrs5jb4BsIaO0gTumv9;719141807012;0;0;0;0;;;;;
518189772182;;;;;"MacBook Pro 2021 14"" - Серый космос - 512";;;;;;;"Цвет:Серый космос;Память:512";;Lvrs5jb4BsIaO0gTumv9;719141807012;0;0;0;0;;;;;
936142303322;;;;;"MacBook Pro 2021 14"" - Серый космос - 1024";;;;;;;;;f3MJflGIC3LI8yXavAUC;;0;0;0;0;;;;;
949796522822;;;;;"MacBook Pro 2021 14"" - Серый космос - 1024";;;;;;;"Цвет:Серый космос;Память:1024";;f3MJflGIC3LI8yXavAUC;936142303322;0;0;0;0;;;;;
272575560672;;;;;"MacBook Pro 2021 14"" - Серый космос - 1024";;;;;;;"Цвет:Серый космос;Память:1024";;f3MJflGIC3LI8yXavAUC;936142303322;0;0;0;0;;;;;
118432181552;;;;;"MacBook Pro 2021 14"" - Серый космос - 1024";;;;;;;"Цвет:Серый космос;Память:1024";;f3MJflGIC3LI8yXavAUC;936142303322;0;0;0;0;;;;;
338364910392;;;;;"MacBook Pro 2021 14"" - Серый космос - 1024";;;;;;;"Цвет:Серый космос;Память:1024";;f3MJflGIC3LI8yXavAUC;936142303322;0;0;0;0;;;;;
565712260062;;;;;"MacBook Pro 2021 16"" - Серебристый - 512";;;;;;;;;fdjBYI4g2Fku41PzJHXl;;0;0;0;0;;;;;
960125627712;;;;;"MacBook Pro 2021 16"" - Серебристый - 512";;;;;;;"Цвет:Серебристый;Память:512";;fdjBYI4g2Fku41PzJHXl;565712260062;0;0;0;0;;;;;
544369302022;;;;;"MacBook Pro 2021 16"" - Серебристый - 512";;;;;;;"Цвет:Серебристый;Память:512";;fdjBYI4g2Fku41PzJHXl;565712260062;0;0;0;0;;;;;
129786762392;;;;;"MacBook Pro 2021 16"" - Серебристый - 512";;;;;;;"Цвет:Серебристый;Память:512";;fdjBYI4g2Fku41PzJHXl;565712260062;0;0;0;0;;;;;
261809090552;;;;;"MacBook Pro 2021 16"" - Серебристый - 512";;;;;;;"Цвет:Серебристый;Память:512";;fdjBYI4g2Fku41PzJHXl;565712260062;0;0;0;0;;;;;
793128770482;;;;;"MacBook Pro 2021 16"" - Серебристый - 1024";;;;;;;;;cnXrVIezDJaJFXc5j1Bb;;0;0;0;0;;;;;
674918257722;;;;;"MacBook Pro 2021 16"" - Серебристый - 1024";;;;;;;"Цвет:Серебристый;Память:1024";;cnXrVIezDJaJFXc5j1Bb;793128770482;0;0;0;0;;;;;
968798439582;;;;;"MacBook Pro 2021 16"" - Серебристый - 1024";;;;;;;"Цвет:Серебристый;Память:1024";;cnXrVIezDJaJFXc5j1Bb;793128770482;0;0;0;0;;;;;
773531621112;;;;;"MacBook Pro 2021 16"" - Серебристый - 1024";;;;;;;"Цвет:Серебристый;Память:1024";;cnXrVIezDJaJFXc5j1Bb;793128770482;0;0;0;0;;;;;
804566438082;;;;;"MacBook Pro 2021 16"" - Серебристый - 1024";;;;;;;"Цвет:Серебристый;Память:1024";;cnXrVIezDJaJFXc5j1Bb;793128770482;0;0;0;0;;;;;
670792514902;;;;;"MacBook Pro 2021 16"" - Серый космос - 512";;;;;;;;;dkGC9bL5kAGGHVcjSma8;;0;0;0;0;;;;;
647146012002;;;;;"MacBook Pro 2021 16"" - Серый космос - 512";;;;;;;"Цвет:Серый космос;Память:512";;dkGC9bL5kAGGHVcjSma8;670792514902;0;0;0;0;;;;;
566936080182;;;;;"MacBook Pro 2021 16"" - Серый космос - 512";;;;;;;"Цвет:Серый космос;Память:512";;dkGC9bL5kAGGHVcjSma8;670792514902;0;0;0;0;;;;;
517748822642;;;;;"MacBook Pro 2021 16"" - Серый космос - 512";;;;;;;"Цвет:Серый космос;Память:512";;dkGC9bL5kAGGHVcjSma8;670792514902;0;0;0;0;;;;;
624993709322;;;;;"MacBook Pro 2021 16"" - Серый космос - 512";;;;;;;"Цвет:Серый космос;Память:512";;dkGC9bL5kAGGHVcjSma8;670792514902;0;0;0;0;;;;;
878446959712;;;;;"MacBook Pro 2021 16"" - Серый космос - 1024";;;;;;;;;5oAVe7Df6RiVAh0beiAR;;0;0;0;0;;;;;
658581471682;;;;;"MacBook Pro 2021 16"" - Серый космос - 1024";;;;;;;"Цвет:Серый космос;Память:1024";;5oAVe7Df6RiVAh0beiAR;878446959712;0;0;0;0;;;;;
849045637712;;;;;"MacBook Pro 2021 16"" - Серый космос - 1024";;;;;;;"Цвет:Серый космос;Память:1024";;5oAVe7Df6RiVAh0beiAR;878446959712;0;0;0;0;;;;;
619981312842;;;;;"MacBook Pro 2021 16"" - Серый космос - 1024";;;;;;;"Цвет:Серый космос;Память:1024";;5oAVe7Df6RiVAh0beiAR;878446959712;0;0;0;0;;;;;
114040103752;;;;;"MacBook Pro 2021 16"" - Серый космос - 1024";;;;;;;"Цвет:Серый космос;Память:1024";;5oAVe7Df6RiVAh0beiAR;878446959712;0;0;0;0;;;;;
582678983692;;;;;"MacBook Pro 2022 13"" - Серебристый - 512";;;;;;;;;DJzDiPKygH6BM7vTiO3K;;0;0;0;0;;;;;
786950130482;;;;;"MacBook Pro 2022 13"" - Серебристый - 512";;;;;;;"Цвет:Серебристый;Память:512";;DJzDiPKygH6BM7vTiO3K;582678983692;0;0;0;0;;;;;
612419081432;;;;;"MacBook Pro 2022 13"" - Серебристый - 512";;;;;;;"Цвет:Серебристый;Память:512";;DJzDiPKygH6BM7vTiO3K;582678983692;0;0;0;0;;;;;
986767679792;;;;;"MacBook Pro 2022 13"" - Серебристый - 512";;;;;;;"Цвет:Серебристый;Память:512";;DJzDiPKygH6BM7vTiO3K;582678983692;0;0;0;0;;;;;
284654520032;;;;;"MacBook Pro 2022 13"" - Серебристый - 512";;;;;;;"Цвет:Серебристый;Память:512";;DJzDiPKygH6BM7vTiO3K;582678983692;0;0;0;0;;;;;
756393480152;;;;;"MacBook Pro 2022 13"" - Серебристый - 1024";;;;;;;;;4FNNGuDS983hdPmXN0xB;;0;0;0;0;;;;;
920475027612;;;;;"MacBook Pro 2022 13"" - Серебристый - 1024";;;;;;;"Цвет:Серебристый;Память:1024";;4FNNGuDS983hdPmXN0xB;756393480152;0;0;0;0;;;;;
122117060882;;;;;"MacBook Pro 2022 13"" - Серебристый - 1024";;;;;;;"Цвет:Серебристый;Память:1024";;4FNNGuDS983hdPmXN0xB;756393480152;0;0;0;0;;;;;
570318196112;;;;;"MacBook Pro 2022 13"" - Серебристый - 1024";;;;;;;"Цвет:Серебристый;Память:1024";;4FNNGuDS983hdPmXN0xB;756393480152;0;0;0;0;;;;;
430471554152;;;;;"MacBook Pro 2022 13"" - Серебристый - 1024";;;;;;;"Цвет:Серебристый;Память:1024";;4FNNGuDS983hdPmXN0xB;756393480152;0;0;0;0;;;;;
169096413922;;;;;"MacBook Pro 2022 13"" - Серый космос - 512";;;;;;;;;xboLc07zy6lceMX0kICU;;0;0;0;0;;;;;
877155004652;;;;;"MacBook Pro 2022 13"" - Серый космос - 512";;;;;;;"Цвет:Серый космос;Память:512";;xboLc07zy6lceMX0kICU;169096413922;0;0;0;0;;;;;
336445629912;;;;;"MacBook Pro 2022 13"" - Серый космос - 512";;;;;;;"Цвет:Серый космос;Память:512";;xboLc07zy6lceMX0kICU;169096413922;0;0;0;0;;;;;
281461751162;;;;;"MacBook Pro 2022 13"" - Серый космос - 512";;;;;;;"Цвет:Серый космос;Память:512";;xboLc07zy6lceMX0kICU;169096413922;0;0;0;0;;;;;
900579542292;;;;;"MacBook Pro 2022 13"" - Серый космос - 512";;;;;;;"Цвет:Серый космос;Память:512";;xboLc07zy6lceMX0kICU;169096413922;0;0;0;0;;;;;
410931930822;;;;;"MacBook Pro 2022 13"" - Серый космос - 1024";;;;;;;;;4TbnYK7uBpznFMhN2DkR;;0;0;0;0;;;;;
917108945092;;;;;"MacBook Pro 2022 13"" - Серый космос - 1024";;;;;;;"Цвет:Серый космос;Память:1024";;4TbnYK7uBpznFMhN2DkR;410931930822;0;0;0;0;;;;;
772094244592;;;;;"MacBook Pro 2022 13"" - Серый космос - 1024";;;;;;;"Цвет:Серый космос;Память:1024";;4TbnYK7uBpznFMhN2DkR;410931930822;0;0;0;0;;;;;
751485985012;;;;;"MacBook Pro 2022 13"" - Серый космос - 1024";;;;;;;"Цвет:Серый космос;Память:1024";;4TbnYK7uBpznFMhN2DkR;410931930822;0;0;0;0;;;;;
464843701592;;;;;"MacBook Pro 2022 13"" - Серый космос - 1024";;;;;;;"Цвет:Серый космос;Память:1024";;4TbnYK7uBpznFMhN2DkR;410931930822;0;0;0;0;;;;;
296753839182;;;;;"Apple Watch Ultra GPS + Cellular, 49 мм, ремешок Trail - синий / серый";;;https://static.tildacdn.com/stor3935-3662-4564-b839-633465613865/78636242.jpg;;;;;;lVARcd8O3p4mtHR8HcHf;;0;0;0;0;;;;;
531037053362;;;;;"Apple Watch Ultra GPS + Cellular, 49 мм, ремешок Trail - синий / серый";;;https://static.tildacdn.com/stor3935-3662-4564-b839-633465613865/78636242.jpg;;;;"Цвет ремешка:синий / серый";;lVARcd8O3p4mtHR8HcHf;296753839182;0;0;0;0;;;;;
158370862622;;;;;"Apple Watch Ultra GPS + Cellular, 49 мм, ремешок Trail - синий / серый";;;https://static.tildacdn.com/stor3935-3662-4564-b839-633465613865/78636242.jpg;;;;"Цвет ремешка:синий / серый";;lVARcd8O3p4mtHR8HcHf;296753839182;0;0;0;0;;;;;
200483613982;;;;;"Apple Watch Ultra GPS + Cellular, 49 мм, ремешок Trail - синий / серый";;;https://static.tildacdn.com/stor3935-3662-4564-b839-633465613865/78636242.jpg;;;;"Цвет ремешка:синий / серый";;lVARcd8O3p4mtHR8HcHf;296753839182;0;0;0;0;;;;;
708303198662;;;;;"Apple Watch Ultra GPS + Cellular, 49 мм, ремешок Trail - синий / серый";;;https://static.tildacdn.com/stor3935-3662-4564-b839-633465613865/78636242.jpg;;;;"Цвет ремешка:синий / серый";;lVARcd8O3p4mtHR8HcHf;296753839182;0;0;0;0;;;;;
112122194352;;;;;"Apple Watch Ultra GPS + Cellular, 49 мм, ремешок Trail - желтый / бежевый";;;https://static.tildacdn.com/stor6339-3464-4364-b264-373935643430/35089054.jpg;;;;;;NrPSzmTbMfZGdiGUucze;;0;0;0;0;;;;;
382416816332;;;;;"Apple Watch Ultra GPS + Cellular, 49 мм, ремешок Trail - желтый / бежевый";;;https://static.tildacdn.com/stor6339-3464-4364-b264-373935643430/35089054.jpg;;;;"Цвет ремешка:желтый / бежевый";;NrPSzmTbMfZGdiGUucze;112122194352;0;0;0;0;;;;;
677834307072;;;;;"Apple Watch Ultra GPS + Cellular, 49 мм, ремешок Trail - желтый / бежевый";;;https://static.tildacdn.com/stor6339-3464-4364-b264-373935643430/35089054.jpg;;;;"Цвет ремешка:желтый / бежевый";;NrPSzmTbMfZGdiGUucze;112122194352;0;0;0;0;;;;;
753704094922;;;;;"Apple Watch Ultra GPS + Cellular, 49 мм, ремешок Trail - желтый / бежевый";;;https://static.tildacdn.com/stor6339-3464-4364-b264-373935643430/35089054.jpg;;;;"Цвет ремешка:желтый / бежевый";;NrPSzmTbMfZGdiGUucze;112122194352;0;0;0;0;;;;;
465537824912;;;;;"Apple Watch Ultra GPS + Cellular, 49 мм, ремешок Trail - желтый / бежевый";;;https://static.tildacdn.com/stor6339-3464-4364-b264-373935643430/35089054.jpg;;;;"Цвет ремешка:желтый / бежевый";;NrPSzmTbMfZGdiGUucze;112122194352;0;0;0;0;;;;;
775661307842;;;;;"Apple Watch Ultra GPS + Cellular, 49 мм, ремешок Trail - черный / серый";;;https://static.tildacdn.com/stor6266-6334-4361-a561-363664613032/92443666.jpg;;;;;;RZMn8DFoZb3MBjG3VLTx;;0;0;0;0;;;;;
349734286612;;;;;"Apple Watch Ultra GPS + Cellular, 49 мм, ремешок Trail - черный / серый";;;https://static.tildacdn.com/stor6266-6334-4361-a561-363664613032/92443666.jpg;;;;"Цвет ремешка:черный / серый";;RZMn8DFoZb3MBjG3VLTx;775661307842;0;0;0;0;;;;;
347442317302;;;;;"Apple Watch Ultra GPS + Cellular, 49 мм, ремешок Trail - черный / серый";;;https://static.tildacdn.com/stor6266-6334-4361-a561-363664613032/92443666.jpg;;;;"Цвет ремешка:черный / серый";;RZMn8DFoZb3MBjG3VLTx;775661307842;0;0;0;0;;;;;
244353301602;;;;;"Apple Watch Ultra GPS + Cellular, 49 мм, ремешок Trail - черный / серый";;;https://static.tildacdn.com/stor6266-6334-4361-a561-363664613032/92443666.jpg;;;;"Цвет ремешка:черный / серый";;RZMn8DFoZb3MBjG3VLTx;775661307842;0;0;0;0;;;;;
744631999482;;;;;"Apple Watch Ultra GPS + Cellular, 49 мм, ремешок Trail - черный / серый";;;https://static.tildacdn.com/stor6266-6334-4361-a561-363664613032/92443666.jpg;;;;"Цвет ремешка:черный / серый";;RZMn8DFoZb3MBjG3VLTx;775661307842;0;0;0;0;;;;;
736456506272;;;;;"Apple Watch Ultra GPS + Cellular, 49 мм, ремешок Ocean - Белый";;;;;;;;;MBhy3ClGZztHXrorzS2r;;0;0;0;0;;;;;
426310564772;;;;;"Apple Watch Ultra GPS + Cellular, 49 мм, ремешок Ocean - Белый";;;;;;;"Цвет ремешка:Белый";;MBhy3ClGZztHXrorzS2r;736456506272;0;0;0;0;;;;;
629840633662;;;;;"Apple Watch Ultra GPS + Cellular, 49 мм, ремешок Ocean - Белый";;;;;;;"Цвет ремешка:Белый";;MBhy3ClGZztHXrorzS2r;736456506272;0;0;0;0;;;;;
262501142182;;;;;"Apple Watch Ultra GPS + Cellular, 49 мм, ремешок Ocean - Белый";;;;;;;"Цвет ремешка:Белый";;MBhy3ClGZztHXrorzS2r;736456506272;0;0;0;0;;;;;
428890295762;;;;;"Apple Watch Ultra GPS + Cellular, 49 мм, ремешок Ocean - Белый";;;;;;;"Цвет ремешка:Белый";;MBhy3ClGZztHXrorzS2r;736456506272;0;0;0;0;;;;;
115664145012;;;;;"Apple Watch Ultra GPS + Cellular, 49 мм, ремешок Ocean - Желтый";;;;;;;;;f6FY6mX9V4vIsXMLuORu;;0;0;0;0;;;;;
774258167252;;;;;"Apple Watch Ultra GPS + Cellular, 49 мм, ремешок Ocean - Желтый";;;;;;;"Цвет ремешка:Желтый";;f6FY6mX9V4vIsXMLuORu;115664145012;0;0;0;0;;;;;
288372185022;;;;;"Apple Watch Ultra GPS + Cellular, 49 мм, ремешок Ocean - Желтый";;;;;;;"Цвет ремешка:Желтый";;f6FY6mX9V4vIsXMLuORu;115664145012;0;0;0;0;;;;;
294089789622;;;;;"Apple Watch Ultra GPS + Cellular, 49 мм, ремешок Ocean - Желтый";;;;;;;"Цвет ремешка:Желтый";;f6FY6mX9V4vIsXMLuORu;115664145012;0;0;0;0;;;;;
200955776102;;;;;"Apple Watch Ultra GPS + Cellular, 49 мм, ремешок Ocean - Желтый";;;;;;;"Цвет ремешка:Желтый";;f6FY6mX9V4vIsXMLuORu;115664145012;0;0;0;0;;;;;
745774710702;;;;;"Apple Watch Ultra GPS + Cellular, 49 мм, ремешок Ocean - Черный";;;;;;;;;CXbYFcuhdUSpiXLhb45L;;0;0;0;0;;;;;
867187043612;;;;;"Apple Watch Ultra GPS + Cellular, 49 мм, ремешок Ocean - Черный";;;;;;;"Цвет ремешка:Черный";;CXbYFcuhdUSpiXLhb45L;745774710702;0;0;0;0;;;;;
202184426032;;;;;"Apple Watch Ultra GPS + Cellular, 49 мм, ремешок Ocean - Черный";;;;;;;"Цвет ремешка:Черный";;CXbYFcuhdUSpiXLhb45L;745774710702;0;0;0;0;;;;;
757550199462;;;;;"Apple Watch Ultra GPS + Cellular, 49 мм, ремешок Ocean - Черный";;;;;;;"Цвет ремешка:Черный";;CXbYFcuhdUSpiXLhb45L;745774710702;0;0;0;0;;;;;
882598444842;;;;;"Apple Watch Ultra GPS + Cellular, 49 мм, ремешок Ocean - Черный";;;;;;;"Цвет ремешка:Черный";;CXbYFcuhdUSpiXLhb45L;745774710702;0;0;0;0;;;;;
876542753512;;;;"iPhone 13;IPhone";"iPhone 13 - Белый - 128";;;https://static.tildacdn.com/stor3034-3365-4262-b137-666636613666/19800827.jpg;39990.00;;;;;ZaKoDak4N8CV42tP2OhD;;0;0;0;0;;;;;
848646301582;;;;"iPhone 13;IPhone";"iPhone 13 - Белый - 256";;;https://static.tildacdn.com/stor3034-3365-4262-b137-666636613666/19800827.jpg;44990.00;;;;;5vT0tCMTrk8LxeNobAOU;;0;0;0;0;;;;;
542508706072;;;;"iPhone 15;IPhone";"iPhone 15 - Синий - 128";;;https://static.tildacdn.com/stor6634-6130-4439-b236-356664346466/80822731.jpg;50990.00;;;;;onsvh5M7AN6HVGuxvmz0;;0;0;0;0;;;;;
852755378312;;;;"iPhone 15;IPhone";"iPhone 15 - Синий - 256";;;https://static.tildacdn.com/stor6634-6130-4439-b236-356664346466/80822731.jpg;61990.00;;;;;8p8d0TkBl7LUUVTTo9EF;;0;0;0;0;;;;;
608692330092;;;;"iPhone 15;IPhone";"iPhone 15 - Зеленый - 128";;;https://static.tildacdn.com/stor6464-3766-4534-a238-363039313466/26385271.jpg;50990.00;;;;;bVAvPyhD0zZGHi64LbOo;;0;0;0;0;;;;;
855459099762;;;;"iPhone 15;IPhone";"iPhone 15 - Желтый - 128";;;https://static.tildacdn.com/stor3261-3963-4439-b033-396435333737/21836437.jpg;50990.00;;;;;XBEYLbanVFFNvYGbr9y0;;0;0;0;0;;;;;
248769542922;;;;Dyson;"Фен Dyson Hair Dryer HD07";;;https://static.tildacdn.com/stor3966-6263-4861-b435-643963626637/78551134.jpg;35990.00;;;;;3Pu0U64cHiJSImmUoHB3;;0;0;0;0;;;;;
590258787932;;;;Dyson;"Пылесос Dyson V12";;;https://static.tildacdn.com/stor6632-6362-4332-b638-303030333634/85043921.jpg;50990.00;;;;;gzNCSsc7J48kZEbc2rRH;;0;0;0;0;;;;;
504992104092;;;;Dyson;"Пылесос Dyson V15";;;https://static.tildacdn.com/stor6637-3736-4463-b634-643963323136/43287422.png;63990.00;;;;;ZTAZ01XsGDoi7rK9mpEJ;;0;0;0;0;;;;;
216701074142;;;;Алиса;"Алиса MAX";;;https://static.tildacdn.com/stor6633-6265-4562-b334-303532653231/29105985.jpg;28990.00;;;;;6VB2vTJcVztirIeYPYG0;;0;0;0;0;;;;;
912898057302;;;;Алиса;"Алиса mini";;;https://static.tildacdn.com/stor6362-3561-4565-a566-346336316466/82595123.png;7990.00;;;;;IX2n334ebP4Jvo4hfL5g;;0;0;0;0;;;;;
696152349322;;;;Алиса;"Алиса lite";;;https://static.tildacdn.com/stor6131-3133-4339-b866-313062336438/22946722.jpg;4990.00;;;;;vddy8rykcEekDrF9m7cc;;0;0;0;0;;;;;
146896075092;;;;Алиса;"Алиса дуо";;;https://static.tildacdn.com/stor6466-6235-4364-a133-653561383162/71037454.png;35990.00;;;;;zi4Jdr2TE4hvSm4ybc7L;;0;0;0;0;;;;;
609979804402;;;;Marshall;"Major 4";;;https://static.tildacdn.com/stor3638-3566-4439-a366-616338346563/88914029.jpg;6990.00;;;;;4GGD9PP6PBLLufx2YdFn;;0;0;0;0;;;;;
896889161762;;;;;"xBox Series S";;;;0;;;;;IVy7pFflNGfszAlc4n7R;;0;0;0;0;;;;;
252699948292;;;;;"xBox Series X 1TB";;;;0;;;;;S9o2ji2UShjc099xyaPy;;0;0;0;0;;;;;
109800415642;;;;;"xBox Series X 1TB";;;;0;;;;;mOCdkfLNmMm4g7DmnrM5;;0;0;0;0;;;;;
774192742582;;;;Приставки;"xBox Series X 1TB";;;https://static.tildacdn.com/stor3535-6437-4337-a231-303035313234/34960677.png;61990.00;;;;;8y9sx3OYyRs8P5C9KAZM;;0;0;0;0;;;;;
777529200392;;;;Приставки;"PlayStation 5 Slim Disc";;;https://static.tildacdn.com/stor3365-6334-4130-b462-663337303332/98291601.jpg;67990.00;;;;;kIkHFUyuDzjGKS7hc4dB;;0;0;0;0;;;;;
580506469142;;;;Приставки;"Джойстик PS5 DualSense";;;https://static.tildacdn.com/stor3864-3264-4161-b564-666163313630/15846144.jpg;6990.00;;;;;9DYSJAIsk1nzSMfhLgH5;;0;0;0;0;;;;;
836178724882;;;;"iPhone 16;IPhone";"iPhone 16 - Черный - 128";;;https://static.tildacdn.com/stor3931-3638-4863-b131-316565626563/63160209.jpg;58990.00;;;;;1RmrBnMHGPPOA4AReNpi;;0;0;0;0;"Предзаказ iPhone 16 в Оренбурге по низкой цене";"Магазин Apple техники Айточка в Оренбурге предлагает приобрести Apple технику по самой низкой цене. Вся техника сертифицирована. Возможность приобрести айфон в кредит и рассрочку.";"купить айфон, купить iPhone, купить айфон в оренбурге, айфон оренбург, айфон в кредит, айфон купить недорого, iphone оренбург купить в рассрочку, айфон 16";;
893634070622;;;;"iPhone 16;IPhone";"iPhone 16 - Фиолетовый - 128";;;https://static.tildacdn.com/stor3833-3634-4339-b631-303738306561/15678817.jpg;58990.00;;;;;lR5Xs3d0mXh4rashS6ht;;0;0;0;0;"Предзаказ iPhone 16 в Оренбурге по низкой цене";"Магазин Apple техники Айточка в Оренбурге предлагает приобрести Apple технику по самой низкой цене. Вся техника сертифицирована. Возможность приобрести айфон в кредит и рассрочку.";"купить айфон, купить iPhone, купить айфон в оренбурге, айфон оренбург, айфон в кредит, айфон купить недорого, iphone оренбург купить в рассрочку, айфон 16";;
836265596712;;;;"iPhone 16;IPhone";"iPhone 16 - Золотой - 128";;;https://static.tildacdn.com/stor3638-6337-4635-b134-643334623963/87954936.jpg;58990.00;;;;;giLHFIgZJz7adP0yuLvA;;0;0;0;0;"Предзаказ iPhone 16 в Оренбурге по низкой цене";"Магазин Apple техники Айточка в Оренбурге предлагает приобрести Apple технику по самой низкой цене. Вся техника сертифицирована. Возможность приобрести айфон в кредит и рассрочку.";"купить айфон, купить iPhone, купить айфон в оренбурге, айфон оренбург, айфон в кредит, айфон купить недорого, iphone оренбург купить в рассрочку, айфон 16";;
671240011132;;;;"iPhone 16;IPhone";"iPhone 16 - Белый - 128";;;https://static.tildacdn.com/stor3734-6439-4462-a235-613032346366/72176922.jpg;58990.00;;;;;kSHfrsehM1f80I7kKOXD;;0;0;0;0;"Предзаказ iPhone 16 в Оренбурге по низкой цене";"Магазин Apple техники Айточка в Оренбурге предлагает приобрести Apple технику по самой низкой цене. Вся техника сертифицирована. Возможность приобрести айфон в кредит и рассрочку.";"купить айфон, купить iPhone, купить айфон в оренбурге, айфон оренбург, айфон в кредит, айфон купить недорого, iphone оренбург купить в рассрочку, айфон 16";;
601692094662;;;;"iPhone 16;IPhone";"iPhone 16 - Розовый - 128";;;https://static.tildacdn.com/stor3231-3030-4565-a466-333636333464/15454176.jpg;58990.00;;;;;N7p0ENM92pOjddgOF3IY;;0;0;0;0;"Предзаказ iPhone 16 в Оренбурге по низкой цене";"Магазин Apple техники Айточка в Оренбурге предлагает приобрести Apple технику по самой низкой цене. Вся техника сертифицирована. Возможность приобрести айфон в кредит и рассрочку.";"купить айфон, купить iPhone, купить айфон в оренбурге, айфон оренбург, айфон в кредит, айфон купить недорого, iphone оренбург купить в рассрочку, айфон 16";;
954497504372;;;;"iPhone 16;IPhone";"iPhone 16 - Зелёный - 128";;;https://static.tildacdn.com/stor6637-6236-4265-a662-643337316431/45264990.jpg;58990.00;;;;;7NHXEUa9isSaVCkF66k3;;0;0;0;0;"Предзаказ iPhone 16 в Оренбурге по низкой цене";"Магазин Apple техники Айточка в Оренбурге предлагает приобрести Apple технику по самой низкой цене. Вся техника сертифицирована. Возможность приобрести айфон в кредит и рассрочку.";"купить айфон, купить iPhone, купить айфон в оренбурге, айфон оренбург, айфон в кредит, айфон купить недорого, iphone оренбург купить в рассрочку, айфон 16";;
354982448092;;;;"iPhone 16;IPhone";"iPhone 16 - Черный - 256";;;https://static.tildacdn.com/stor3931-3638-4863-b131-316565626563/63160209.jpg;66990.00;;;;;TG599L1AYVcychEndUlS;;0;0;0;0;"Предзаказ iPhone 16 в Оренбурге по низкой цене";"Магазин Apple техники Айточка в Оренбурге предлагает приобрести Apple технику по самой низкой цене. Вся техника сертифицирована. Возможность приобрести айфон в кредит и рассрочку.";"купить айфон, купить iPhone, купить айфон в оренбурге, айфон оренбург, айфон в кредит, айфон купить недорого, iphone оренбург купить в рассрочку, айфон 16";;
689865529622;;;;"iPhone 16;IPhone";"iPhone 16 - Фиолетовый - 256";;;https://static.tildacdn.com/stor3833-3634-4339-b631-303738306561/15678817.jpg;66990.00;;;;;1IUPoRSN6Je4vhhDmYc0;;0;0;0;0;"Предзаказ iPhone 16 в Оренбурге по низкой цене";"Магазин Apple техники Айточка в Оренбурге предлагает приобрести Apple технику по самой низкой цене. Вся техника сертифицирована. Возможность приобрести айфон в кредит и рассрочку.";"купить айфон, купить iPhone, купить айфон в оренбурге, айфон оренбург, айфон в кредит, айфон купить недорого, iphone оренбург купить в рассрочку, айфон 16";;
571461646872;;;;"iPhone 16;IPhone";"iPhone 16 - Золотой - 256";;;https://static.tildacdn.com/stor3638-6337-4635-b134-643334623963/87954936.jpg;66990.00;;;;;O6pjoFpgA7axdjJim9jU;;0;0;0;0;"Предзаказ iPhone 16 в Оренбурге по низкой цене";"Магазин Apple техники Айточка в Оренбурге предлагает приобрести Apple технику по самой низкой цене. Вся техника сертифицирована. Возможность приобрести айфон в кредит и рассрочку.";"купить айфон, купить iPhone, купить айфон в оренбурге, айфон оренбург, айфон в кредит, айфон купить недорого, iphone оренбург купить в рассрочку, айфон 16";;
459022525452;;;;"iPhone 16;IPhone";"iPhone 16 - Белый - 256";;;https://static.tildacdn.com/stor3734-6439-4462-a235-613032346366/72176922.jpg;66990.00;;;;;8T63EtR8tOlBHkaKuYsZ;;0;0;0;0;"Предзаказ iPhone 16 в Оренбурге по низкой цене";"Магазин Apple техники Айточка в Оренбурге предлагает приобрести Apple технику по самой низкой цене. Вся техника сертифицирована. Возможность приобрести айфон в кредит и рассрочку.";"купить айфон, купить iPhone, купить айфон в оренбурге, айфон оренбург, айфон в кредит, айфон купить недорого, iphone оренбург купить в рассрочку, айфон 16";;
610439365522;;;;"iPhone 16;IPhone";"iPhone 16 - Зелёный - 256";;;https://static.tildacdn.com/stor6637-6236-4265-a662-643337316431/45264990.jpg;66990.00;;;;;B3IL0rSdSxlkCsTshgid;;0;0;0;0;"Предзаказ iPhone 16 в Оренбурге по низкой цене";"Магазин Apple техники Айточка в Оренбурге предлагает приобрести Apple технику по самой низкой цене. Вся техника сертифицирована. Возможность приобрести айфон в кредит и рассрочку.";"купить айфон, купить iPhone, купить айфон в оренбурге, айфон оренбург, айфон в кредит, айфон купить недорого, iphone оренбург купить в рассрочку, айфон 16";;
662728144072;;;;"iPhone 16;IPhone";"iPhone 16 - Розовый - 256";;;https://static.tildacdn.com/stor3231-3030-4565-a466-333636333464/15454176.jpg;66990.00;;;;;STOmnVC3ZVBskcF4s7B5;;0;0;0;0;"Предзаказ iPhone 16 в Оренбурге по низкой цене";"Магазин Apple техники Айточка в Оренбурге предлагает приобрести Apple технику по самой низкой цене. Вся техника сертифицирована. Возможность приобрести айфон в кредит и рассрочку.";"купить айфон, купить iPhone, купить айфон в оренбурге, айфон оренбург, айфон в кредит, айфон купить недорого, iphone оренбург купить в рассрочку, айфон 16";;
160758984722;;;;"iPhone 16;IPhone";"iPhone 16 - Черный - 512";;;https://static.tildacdn.com/stor3931-3638-4863-b131-316565626563/63160209.jpg;87990.00;;;;;I95PFTFNcmu70oDjsbMg;;0;0;0;0;"Предзаказ iPhone 16 в Оренбурге по низкой цене";"Магазин Apple техники Айточка в Оренбурге предлагает приобрести Apple технику по самой низкой цене. Вся техника сертифицирована. Возможность приобрести айфон в кредит и рассрочку.";"купить айфон, купить iPhone, купить айфон в оренбурге, айфон оренбург, айфон в кредит, айфон купить недорого, iphone оренбург купить в рассрочку, айфон 16";;
748264859762;;;;"iPhone 16;IPhone";"iPhone 16 - Фиолетовый - 512";;;https://static.tildacdn.com/stor3833-3634-4339-b631-303738306561/15678817.jpg;87990.00;;;;;2GnFoxKDLzEzyPGrlrZj;;0;0;0;0;"Предзаказ iPhone 16 в Оренбурге по низкой цене";"Магазин Apple техники Айточка в Оренбурге предлагает приобрести Apple технику по самой низкой цене. Вся техника сертифицирована. Возможность приобрести айфон в кредит и рассрочку.";"купить айфон, купить iPhone, купить айфон в оренбурге, айфон оренбург, айфон в кредит, айфон купить недорого, iphone оренбург купить в рассрочку, айфон 16";;
132904792612;;;;"iPhone 16;IPhone";"iPhone 16 - Золотой - 512";;;https://static.tildacdn.com/stor3638-6337-4635-b134-643334623963/87954936.jpg;87990.00;;;;;9TDrPhIG3jGvVe8RVtSE;;0;0;0;0;"Предзаказ iPhone 16 в Оренбурге по низкой цене";"Магазин Apple техники Айточка в Оренбурге предлагает приобрести Apple технику по самой низкой цене. Вся техника сертифицирована. Возможность приобрести айфон в кредит и рассрочку.";"купить айфон, купить iPhone, купить айфон в оренбурге, айфон оренбург, айфон в кредит, айфон купить недорого, iphone оренбург купить в рассрочку, айфон 16";;
715884581922;;;;"iPhone 16;IPhone";"iPhone 16 - Белый - 512";;;https://static.tildacdn.com/stor3734-6439-4462-a235-613032346366/72176922.jpg;87990.00;;;;;yD8tYhS0Sx2uTZfb37MP;;0;0;0;0;"Предзаказ iPhone 16 в Оренбурге по низкой цене";"Магазин Apple техники Айточка в Оренбурге предлагает приобрести Apple технику по самой низкой цене. Вся техника сертифицирована. Возможность приобрести айфон в кредит и рассрочку.";"купить айфон, купить iPhone, купить айфон в оренбурге, айфон оренбург, айфон в кредит, айфон купить недорого, iphone оренбург купить в рассрочку, айфон 16";;
180959981632;;;;"iPhone 16;IPhone";"iPhone 16 - Зелёный - 512";;;https://static.tildacdn.com/stor6637-6236-4265-a662-643337316431/45264990.jpg;87990.00;;;;;e6X24oST2U17ZvVS3Ah2;;0;0;0;0;"Предзаказ iPhone 16 в Оренбурге по низкой цене";"Магазин Apple техники Айточка в Оренбурге предлагает приобрести Apple технику по самой низкой цене. Вся техника сертифицирована. Возможность приобрести айфон в кредит и рассрочку.";"купить айфон, купить iPhone, купить айфон в оренбурге, айфон оренбург, айфон в кредит, айфон купить недорого, iphone оренбург купить в рассрочку, айфон 16";;
520897683552;;;;"iPhone 16;IPhone";"iPhone 16 - Розовый - 512";;;https://static.tildacdn.com/stor3231-3030-4565-a466-333636333464/15454176.jpg;87990.00;;;;;FFuNUsAEPOj1StbThjpl;;0;0;0;0;"Предзаказ iPhone 16 в Оренбурге по низкой цене";"Магазин Apple техники Айточка в Оренбурге предлагает приобрести Apple технику по самой низкой цене. Вся техника сертифицирована. Возможность приобрести айфон в кредит и рассрочку.";"купить айфон, купить iPhone, купить айфон в оренбурге, айфон оренбург, айфон в кредит, айфон купить недорого, iphone оренбург купить в рассрочку, айфон 16";;
363088773142;;;;"iPhone 16;IPhone";"iPhone 16 Pro - Черный - 1Тб";;;https://static.tildacdn.com/stor6562-3364-4736-a530-373433336263/43914556.jpg;128990.00;;;;;M8p4umIAyb9uzl9k1cfz;;0;0;0;0;"Предзаказ iPhone 16 в Оренбурге по низкой цене";"Магазин Apple техники Айточка в Оренбурге предлагает приобрести Apple технику по самой низкой цене. Вся техника сертифицирована. Возможность приобрести айфон в кредит и рассрочку.";"купить айфон, купить iPhone, купить айфон в оренбурге, айфон оренбург, айфон в кредит, айфон купить недорого, iphone оренбург купить в рассрочку, айфон 16";;
330918955342;;;;"iPhone 16;IPhone";"iPhone 16 Pro - Черный - 512";;;https://static.tildacdn.com/stor6562-3364-4736-a530-373433336263/43914556.jpg;115990.00;;;;;j0NuVtbPB1zbA335lJ4C;;0;0;0;0;"Предзаказ iPhone 16 в Оренбурге по низкой цене";"Магазин Apple техники Айточка в Оренбурге предлагает приобрести Apple технику по самой низкой цене. Вся техника сертифицирована. Возможность приобрести айфон в кредит и рассрочку.";"купить айфон, купить iPhone, купить айфон в оренбурге, айфон оренбург, айфон в кредит, айфон купить недорого, iphone оренбург купить в рассрочку, айфон 16";;
556581628772;;;;"iPhone 16;IPhone";"iPhone 16 Pro - Белый - 256";;;https://static.tildacdn.com/stor6632-6136-4335-b865-323833343063/46587819.jpg;104990.00;;;;;OxoJXl47abK3nOhRMcpr;;0;0;0;0;"Предзаказ iPhone 16 в Оренбурге по низкой цене";"Магазин Apple техники Айточка в Оренбурге предлагает приобрести Apple технику по самой низкой цене. Вся техника сертифицирована. Возможность приобрести айфон в кредит и рассрочку.";"купить айфон, купить iPhone, купить айфон в оренбурге, айфон оренбург, айфон в кредит, айфон купить недорого, iphone оренбург купить в рассрочку, айфон 16";;
705108818552;;;;"iPhone 16;IPhone";"iPhone 16 Pro - Белый - 1Тб";;;https://static.tildacdn.com/stor6632-6136-4335-b865-323833343063/46587819.jpg;128990.00;;;;;rL3BZnhiNRVVKDsHUzSB;;0;0;0;0;"Предзаказ iPhone 16 в Оренбурге по низкой цене";"Магазин Apple техники Айточка в Оренбурге предлагает приобрести Apple технику по самой низкой цене. Вся техника сертифицирована. Возможность приобрести айфон в кредит и рассрочку.";"купить айфон, купить iPhone, купить айфон в оренбурге, айфон оренбург, айфон в кредит, айфон купить недорого, iphone оренбург купить в рассрочку, айфон 16";;
161794763032;;;;"iPhone 16;IPhone";"iPhone 16 Pro - Белый - 512";;;https://static.tildacdn.com/stor6632-6136-4335-b865-323833343063/46587819.jpg;115990.00;;;;;5RMuSDOJXjv6pbYlVMBy;;0;0;0;0;"Предзаказ iPhone 16 в Оренбурге по низкой цене";"Магазин Apple техники Айточка в Оренбурге предлагает приобрести Apple технику по самой низкой цене. Вся техника сертифицирована. Возможность приобрести айфон в кредит и рассрочку.";"купить айфон, купить iPhone, купить айфон в оренбурге, айфон оренбург, айфон в кредит, айфон купить недорого, iphone оренбург купить в рассрочку, айфон 16";;
333423325112;;;;"iPhone 16;IPhone";"iPhone 16 Pro - Титан - 256";;;https://static.tildacdn.com/stor3230-6134-4134-a639-363138323439/13216928.jpg;104990.00;;;;;adg95iJicTXKodPJ1ukF;;0;0;0;0;"Предзаказ iPhone 16 в Оренбурге по низкой цене";"Магазин Apple техники Айточка в Оренбурге предлагает приобрести Apple технику по самой низкой цене. Вся техника сертифицирована. Возможность приобрести айфон в кредит и рассрочку.";"купить айфон, купить iPhone, купить айфон в оренбурге, айфон оренбург, айфон в кредит, айфон купить недорого, iphone оренбург купить в рассрочку, айфон 16";;
919441284522;;;;"iPhone 16;IPhone";"iPhone 16 Pro - Титан - 512";;;https://static.tildacdn.com/stor3230-6134-4134-a639-363138323439/13216928.jpg;115990.00;;;;;hmCdPSidVaD2a0K1iaF6;;0;0;0;0;"Предзаказ iPhone 16 в Оренбурге по низкой цене";"Магазин Apple техники Айточка в Оренбурге предлагает приобрести Apple технику по самой низкой цене. Вся техника сертифицирована. Возможность приобрести айфон в кредит и рассрочку.";"купить айфон, купить iPhone, купить айфон в оренбурге, айфон оренбург, айфон в кредит, айфон купить недорого, iphone оренбург купить в рассрочку, айфон 16";;
576570594002;;;;"iPhone 16;IPhone";"iPhone 16 Pro - Титан - 1Тб";;;https://static.tildacdn.com/stor3230-6134-4134-a639-363138323439/13216928.jpg;128990.00;;;;;6PTHN996jeSLxfgAxMDm;;0;0;0;0;"Предзаказ iPhone 16 в Оренбурге по низкой цене";"Магазин Apple техники Айточка в Оренбурге предлагает приобрести Apple технику по самой низкой цене. Вся техника сертифицирована. Возможность приобрести айфон в кредит и рассрочку.";"купить айфон, купить iPhone, купить айфон в оренбурге, айфон оренбург, айфон в кредит, айфон купить недорого, iphone оренбург купить в рассрочку, айфон 16";;
194014695532;;;;"iPhone 16;IPhone";"iPhone 16 Pro - Песочный титан - 256";;;https://static.tildacdn.com/stor6466-3165-4766-b466-343531363263/72229744.jpg;104990.00;;;;;gb09D29x6aZ4IOya3TM2;;0;0;0;0;"Предзаказ iPhone 16 в Оренбурге по низкой цене";"Магазин Apple техники Айточка в Оренбурге предлагает приобрести Apple технику по самой низкой цене. Вся техника сертифицирована. Возможность приобрести айфон в кредит и рассрочку.";"купить айфон, купить iPhone, купить айфон в оренбурге, айфон оренбург, айфон в кредит, айфон купить недорого, iphone оренбург купить в рассрочку, айфон 16";;
287031706262;;;;"iPhone 16;IPhone";"iPhone 16 Pro - Песочный титан - 1Тб";;;https://static.tildacdn.com/stor6466-3165-4766-b466-343531363263/72229744.jpg;128990.00;;;;;8Yvys6B80EzMS87baYgB;;0;0;0;0;"Предзаказ iPhone 16 в Оренбурге по низкой цене";"Магазин Apple техники Айточка в Оренбурге предлагает приобрести Apple технику по самой низкой цене. Вся техника сертифицирована. Возможность приобрести айфон в кредит и рассрочку.";"купить айфон, купить iPhone, купить айфон в оренбурге, айфон оренбург, айфон в кредит, айфон купить недорого, iphone оренбург купить в рассрочку, айфон 16";;
830695290392;;;;"iPhone 16;IPhone";"iPhone 16 Pro - Песочный титан - 512";;;https://static.tildacdn.com/stor6466-3165-4766-b466-343531363263/72229744.jpg;115990.00;;;;;ii4HeDOt59OkEP5cfK6v;;0;0;0;0;"Предзаказ iPhone 16 в Оренбурге по низкой цене";"Магазин Apple техники Айточка в Оренбурге предлагает приобрести Apple технику по самой низкой цене. Вся техника сертифицирована. Возможность приобрести айфон в кредит и рассрочку.";"купить айфон, купить iPhone, купить айфон в оренбурге, айфон оренбург, айфон в кредит, айфон купить недорого, iphone оренбург купить в рассрочку, айфон 16";;
338563965042;;;;"iPhone 16;IPhone";"iPhone 16 Pro - Черный - 256";;;https://static.tildacdn.com/stor6562-3364-4736-a530-373433336263/43914556.jpg;104990.00;;;;;mnJjfmSrjv3aZpi17I1V;;0;0;0;0;"Предзаказ iPhone 16 в Оренбурге по низкой цене";"Магазин Apple техники Айточка в Оренбурге предлагает приобрести Apple технику по самой низкой цене. Вся техника сертифицирована. Возможность приобрести айфон в кредит и рассрочку.";"купить айфон, купить iPhone, купить айфон в оренбурге, айфон оренбург, айфон в кредит, айфон купить недорого, iphone оренбург купить в рассрочку, айфон 16";;
396800393272;;;;"iPhone 16;IPhone";"iPhone 16 Pro Max - Черный - 256";;;https://static.tildacdn.com/stor6562-3364-4736-a530-373433336263/43914556.jpg;97990.00;;;;;F5lMJVp0SzmABLyvpoJ8;;0;0;0;0;"Предзаказ iPhone 16 в Оренбурге по низкой цене";"Магазин Apple техники Айточка в Оренбурге предлагает приобрести Apple технику по самой низкой цене. Вся техника сертифицирована. Возможность приобрести айфон в кредит и рассрочку.";"купить айфон, купить iPhone, купить айфон в оренбурге, айфон оренбург, айфон в кредит, айфон купить недорого, iphone оренбург купить в рассрочку, айфон 16";;
459261385002;;;;"iPhone 16;IPhone";"iPhone 16 Pro Max Black Titan (Чёрный Титан) 1Тб";;;https://static.tildacdn.com/stor6562-3364-4736-a530-373433336263/43914556.jpg;141990.00;;;;;DNdl1j4hHLyaU1XtgFxt;;0;0;0;0;"Предзаказ iPhone 16 в Оренбурге по низкой цене";"Магазин Apple техники Айточка в Оренбурге предлагает приобрести Apple технику по самой низкой цене. Вся техника сертифицирована. Возможность приобрести айфон в кредит и рассрочку.";"купить айфон, купить iPhone, купить айфон в оренбурге, айфон оренбург, айфон в кредит, айфон купить недорого, iphone оренбург купить в рассрочку, айфон 16";;
762604936002;;;;"iPhone 16;IPhone";"iPhone 16 Pro Max - Черный - 512";;;https://static.tildacdn.com/stor6562-3364-4736-a530-373433336263/43914556.jpg;120990.00;;;;;VRLrrDE93mgTL34ModHD;;0;0;0;0;"Предзаказ iPhone 16 в Оренбурге по низкой цене";"Магазин Apple техники Айточка в Оренбурге предлагает приобрести Apple технику по самой низкой цене. Вся техника сертифицирована. Возможность приобрести айфон в кредит и рассрочку.";"купить айфон, купить iPhone, купить айфон в оренбурге, айфон оренбург, айфон в кредит, айфон купить недорого, iphone оренбург купить в рассрочку, айфон 16";;
127763612672;;;;"iPhone 16;IPhone";"iPhone 16 Pro Max - Белый - 256";;;https://static.tildacdn.com/stor6632-6136-4335-b865-323833343063/46587819.jpg;97990.00;;;;;ZyTn2KARpel85U5l9POJ;;0;0;0;0;"Предзаказ iPhone 16 в Оренбурге по низкой цене";"Магазин Apple техники Айточка в Оренбурге предлагает приобрести Apple технику по самой низкой цене. Вся техника сертифицирована. Возможность приобрести айфон в кредит и рассрочку.";"купить айфон, купить iPhone, купить айфон в оренбурге, айфон оренбург, айфон в кредит, айфон купить недорого, iphone оренбург купить в рассрочку, айфон 16";;
857473696142;;;;"iPhone 16;IPhone";"iPhone 16 Pro Max White Titanium (Белый Титановый) 1Тб";;;https://static.tildacdn.com/stor6632-6136-4335-b865-323833343063/46587819.jpg;141990.00;;;;;G4tSaH7pFBsbyPaZf4BE;;0;0;0;0;"Предзаказ iPhone 16 в Оренбурге по низкой цене";"Магазин Apple техники Айточка в Оренбурге предлагает приобрести Apple технику по самой низкой цене. Вся техника сертифицирована. Возможность приобрести айфон в кредит и рассрочку.";"купить айфон, купить iPhone, купить айфон в оренбурге, айфон оренбург, айфон в кредит, айфон купить недорого, iphone оренбург купить в рассрочку, айфон 16";;
904102168802;;;;"iPhone 16;IPhone";"iPhone 16 Pro Max - Белый - 512";;;https://static.tildacdn.com/stor6632-6136-4335-b865-323833343063/46587819.jpg;120990.00;;;;;Hzabh6J84I2c92kgfi1L;;0;0;0;0;"Предзаказ iPhone 16 в Оренбурге по низкой цене";"Магазин Apple техники Айточка в Оренбурге предлагает приобрести Apple технику по самой низкой цене. Вся техника сертифицирована. Возможность приобрести айфон в кредит и рассрочку.";"купить айфон, купить iPhone, купить айфон в оренбурге, айфон оренбург, айфон в кредит, айфон купить недорого, iphone оренбург купить в рассрочку, айфон 16";;
998168684162;;;;"iPhone 16;IPhone";"iPhone 16 Pro Max - Титан - 256";;;https://static.tildacdn.com/stor3230-6134-4134-a639-363138323439/13216928.jpg;97990.00;;;;;P0iDrChtUA5LFPVMJDjO;;0;0;0;0;"Предзаказ iPhone 16 в Оренбурге по низкой цене";"Магазин Apple техники Айточка в Оренбурге предлагает приобрести Apple технику по самой низкой цене. Вся техника сертифицирована. Возможность приобрести айфон в кредит и рассрочку.";"купить айфон, купить iPhone, купить айфон в оренбурге, айфон оренбург, айфон в кредит, айфон купить недорого, iphone оренбург купить в рассрочку, айфон 16";;
370981395102;;;;"iPhone 16;IPhone";"iPhone 16 Pro Max Natural Titanium (Натуральный Титан) - 1Тб";;;https://static.tildacdn.com/stor3230-6134-4134-a639-363138323439/13216928.jpg;141990.00;;;;;jYVmnJ5JKkS9pFAVYVAp;;0;0;0;0;"Предзаказ iPhone 16 в Оренбурге по низкой цене";"Магазин Apple техники Айточка в Оренбурге предлагает приобрести Apple технику по самой низкой цене. Вся техника сертифицирована. Возможность приобрести айфон в кредит и рассрочку.";"купить айфон, купить iPhone, купить айфон в оренбурге, айфон оренбург, айфон в кредит, айфон купить недорого, iphone оренбург купить в рассрочку, айфон 16";;
551777682402;;;;"iPhone 16;IPhone";"iPhone 16 Pro Max - Титан - 512";;;https://static.tildacdn.com/stor3230-6134-4134-a639-363138323439/13216928.jpg;120990.00;;;;;23N2JByg1dFRmpSsR9gy;;0;0;0;0;"Предзаказ iPhone 16 в Оренбурге по низкой цене";"Магазин Apple техники Айточка в Оренбурге предлагает приобрести Apple технику по самой низкой цене. Вся техника сертифицирована. Возможность приобрести айфон в кредит и рассрочку.";"купить айфон, купить iPhone, купить айфон в оренбурге, айфон оренбург, айфон в кредит, айфон купить недорого, iphone оренбург купить в рассрочку, айфон 16";;
165436392252;;;;"iPhone 16;IPhone";"iPhone 16 Pro Max - Песочный титан - 256";;;https://static.tildacdn.com/stor6466-3165-4766-b466-343531363263/72229744.jpg;97990.00;;;;;XHoDV9pIUSZRHLasJTdX;;0;0;0;0;"Предзаказ iPhone 16 в Оренбурге по низкой цене";"Магазин Apple техники Айточка в Оренбурге предлагает приобрести Apple технику по самой низкой цене. Вся техника сертифицирована. Возможность приобрести айфон в кредит и рассрочку.";"купить айфон, купить iPhone, купить айфон в оренбурге, айфон оренбург, айфон в кредит, айфон купить недорого, iphone оренбург купить в рассрочку, айфон 16";;
548081547522;;;;"iPhone 16;IPhone";"iPhone 16 Pro Max Desert Titanium (Пустынный Титановый) 1Тб";;;https://static.tildacdn.com/stor6466-3165-4766-b466-343531363263/72229744.jpg;141990.00;;;;;5oYbGgDlDOMhVCn7NCoc;;0;0;0;0;"Предзаказ iPhone 16 в Оренбурге по низкой цене";"Магазин Apple техники Айточка в Оренбурге предлагает приобрести Apple технику по самой низкой цене. Вся техника сертифицирована. Возможность приобрести айфон в кредит и рассрочку.";"купить айфон, купить iPhone, купить айфон в оренбурге, айфон оренбург, айфон в кредит, айфон купить недорого, iphone оренбург купить в рассрочку, айфон 16";;
980489839262;;;;"iPhone 16;IPhone";"iPhone 16 Pro Max - Песочный титан - 512";;;https://static.tildacdn.com/stor6466-3165-4766-b466-343531363263/72229744.jpg;120990.00;;;;;avkEcfjV53Hek4UrPPro;;0;0;0;0;"Предзаказ iPhone 16 в Оренбурге по низкой цене";"Магазин Apple техники Айточка в Оренбурге предлагает приобрести Apple технику по самой низкой цене. Вся техника сертифицирована. Возможность приобрести айфон в кредит и рассрочку.";"купить айфон, купить iPhone, купить айфон в оренбурге, айфон оренбург, айфон в кредит, айфон купить недорого, iphone оренбург купить в рассрочку, айфон 16";;
947367381002;;;;"iPhone 16;IPhone";"iPhone 16 Pro - Черный - 128";;;https://static.tildacdn.com/stor6562-3364-4736-a530-373433336263/43914556.jpg;82990.00;;;;;ga9jHceLV0TRYHlnEsZr;;0;0;0;0;"Предзаказ iPhone 16 в Оренбурге по низкой цене";"Магазин Apple техники Айточка в Оренбурге предлагает приобрести Apple технику по самой низкой цене. Вся техника сертифицирована. Возможность приобрести айфон в кредит и рассрочку.";"купить айфон, купить iPhone, купить айфон в оренбурге, айфон оренбург, айфон в кредит, айфон купить недорого, iphone оренбург купить в рассрочку, айфон 16";;
669616210402;;;;"iPhone 16;IPhone";"iPhone 16 Pro - Белый - 128";;;https://static.tildacdn.com/stor6632-6136-4335-b865-323833343063/46587819.jpg;82990.00;;;;;Cekzgv9ked1hYdvRdk9m;;0;0;0;0;"Предзаказ iPhone 16 в Оренбурге по низкой цене";"Магазин Apple техники Айточка в Оренбурге предлагает приобрести Apple технику по самой низкой цене. Вся техника сертифицирована. Возможность приобрести айфон в кредит и рассрочку.";"купить айфон, купить iPhone, купить айфон в оренбурге, айфон оренбург, айфон в кредит, айфон купить недорого, iphone оренбург купить в рассрочку, айфон 16";;
212870362522;;;;"iPhone 16;IPhone";"iPhone 16 Pro - Титан - 128";;;https://static.tildacdn.com/stor3230-6134-4134-a639-363138323439/13216928.jpg;82990.00;;;;;e7Piu9Usm1V78OonyHrs;;0;0;0;0;"Предзаказ iPhone 16 в Оренбурге по низкой цене";"Магазин Apple техники Айточка в Оренбурге предлагает приобрести Apple технику по самой низкой цене. Вся техника сертифицирована. Возможность приобрести айфон в кредит и рассрочку.";"купить айфон, купить iPhone, купить айфон в оренбурге, айфон оренбург, айфон в кредит, айфон купить недорого, iphone оренбург купить в рассрочку, айфон 16";;
361937957662;;;;"iPhone 16;IPhone";"iPhone 16 Pro - Песочный титан - 128";;;https://static.tildacdn.com/stor6466-3165-4766-b466-343531363263/72229744.jpg;82990.00;;;;;l4rR4g1226ETd8lJr7Ij;;0;0;0;0;"Предзаказ iPhone 16 в Оренбурге по низкой цене";"Магазин Apple техники Айточка в Оренбурге предлагает приобрести Apple технику по самой низкой цене. Вся техника сертифицирована. Возможность приобрести айфон в кредит и рассрочку.";"купить айфон, купить iPhone, купить айфон в оренбурге, айфон оренбург, айфон в кредит, айфон купить недорого, iphone оренбург купить в рассрочку, айфон 16";;
795681656372;;;;"AirPods;Наушники";"AirPods 4";;;https://static.tildacdn.com/stor3662-3062-4839-a265-393635626165/26938629.jpg;12990.00;;;;;XJrjDlEvDn2Hb1Yse5Bk;;0;0;0;0;"Купить AirPods 4 в Оренбурге по низкой цене";"Магазин Apple техники Айточка в Оренбурге предлагает приобрести Apple технику по самой низкой цене. Вся техника сертифицирована. Возможность приобрести оригинальные AirPods Pro в кредит и рассрочку.";"Купить оригинальные аирподс, Купить оригинальные AirPods, купить аирподс Оренбург, оригинальные аирподс дешево, аирподс в кредит, AirPods в рассрочку";;
445283341732;;;;"AirPods;Наушники";"AirPods 4 (ANC)";;;https://static.tildacdn.com/stor3233-6664-4261-b864-646366663963/38366249.jpg;15990.00;;;;;zJmYaA8xCsAnHszPOiEg;;0;0;0;0;"Купить AirPods 4 в Оренбурге по низкой цене";"Магазин Apple техники Айточка в Оренбурге предлагает приобрести Apple технику по самой низкой цене. Вся техника сертифицирована. Возможность приобрести оригинальные AirPods Pro в кредит и рассрочку.";"Купить оригинальные аирподс, Купить оригинальные AirPods, купить аирподс Оренбург, оригинальные аирподс дешево, аирподс в кредит, AirPods в рассрочку";;
715324158822;;;;"iPhone 16;IPhone";"iPhone 16 Plus - Черный - 128";;;https://static.tildacdn.com/stor3931-3638-4863-b131-316565626563/63160209.jpg;67990.00;;;;;mgccOCsd5VlMPg9g7iuD;;0;0;0;0;"Предзаказ iPhone 16 в Оренбурге по низкой цене";"Магазин Apple техники Айточка в Оренбурге предлагает приобрести Apple технику по самой низкой цене. Вся техника сертифицирована. Возможность приобрести айфон в кредит и рассрочку.";"купить айфон, купить iPhone, купить айфон в оренбурге, айфон оренбург, айфон в кредит, айфон купить недорого, iphone оренбург купить в рассрочку, айфон 16";;
217172383792;;;;"iPhone 16;IPhone";"iPhone 16 Plus - Фиолетовый - 128";;;https://static.tildacdn.com/stor3833-3634-4339-b631-303738306561/15678817.jpg;67990.00;;;;;g3ZanR5HvlIFjH8B2lks;;0;0;0;0;"Предзаказ iPhone 16 в Оренбурге по низкой цене";"Магазин Apple техники Айточка в Оренбурге предлагает приобрести Apple технику по самой низкой цене. Вся техника сертифицирована. Возможность приобрести айфон в кредит и рассрочку.";"купить айфон, купить iPhone, купить айфон в оренбурге, айфон оренбург, айфон в кредит, айфон купить недорого, iphone оренбург купить в рассрочку, айфон 16";;
658478810292;;;;"iPhone 16;IPhone";"iPhone 16 Plus - Золотой - 128";;;https://static.tildacdn.com/stor3638-6337-4635-b134-643334623963/87954936.jpg;67990.00;;;;;8pF7Gn7L8jg2sTup1Ll0;;0;0;0;0;"Предзаказ iPhone 16 в Оренбурге по низкой цене";"Магазин Apple техники Айточка в Оренбурге предлагает приобрести Apple технику по самой низкой цене. Вся техника сертифицирована. Возможность приобрести айфон в кредит и рассрочку.";"купить айфон, купить iPhone, купить айфон в оренбурге, айфон оренбург, айфон в кредит, айфон купить недорого, iphone оренбург купить в рассрочку, айфон 16";;
501813976712;;;;"iPhone 16;IPhone";"iPhone 16 Plus - Белый - 128";;;https://static.tildacdn.com/stor3734-6439-4462-a235-613032346366/72176922.jpg;67990.00;;;;;TivlkFDD1CsDFdYns6GD;;0;0;0;0;"Предзаказ iPhone 16 в Оренбурге по низкой цене";"Магазин Apple техники Айточка в Оренбурге предлагает приобрести Apple технику по самой низкой цене. Вся техника сертифицирована. Возможность приобрести айфон в кредит и рассрочку.";"купить айфон, купить iPhone, купить айфон в оренбурге, айфон оренбург, айфон в кредит, айфон купить недорого, iphone оренбург купить в рассрочку, айфон 16";;
657918929422;;;;"iPhone 16;IPhone";"iPhone 16 Plus - Зелёный - 128";;;https://static.tildacdn.com/stor6637-6236-4265-a662-643337316431/45264990.jpg;67990.00;;;;;Sko89e5kuRHuajAI0N5G;;0;0;0;0;"Предзаказ iPhone 16 в Оренбурге по низкой цене";"Магазин Apple техники Айточка в Оренбурге предлагает приобрести Apple технику по самой низкой цене. Вся техника сертифицирована. Возможность приобрести айфон в кредит и рассрочку.";"купить айфон, купить iPhone, купить айфон в оренбурге, айфон оренбург, айфон в кредит, айфон купить недорого, iphone оренбург купить в рассрочку, айфон 16";;
537611664392;;;;"iPhone 16;IPhone";"iPhone 16 Plus - Розовый - 128";;;https://static.tildacdn.com/stor3231-3030-4565-a466-333636333464/15454176.jpg;67990.00;;;;;4DL6FC651sKC4vBaCby5;;0;0;0;0;"Предзаказ iPhone 16 в Оренбурге по низкой цене";"Магазин Apple техники Айточка в Оренбурге предлагает приобрести Apple технику по самой низкой цене. Вся техника сертифицирована. Возможность приобрести айфон в кредит и рассрочку.";"купить айфон, купить iPhone, купить айфон в оренбурге, айфон оренбург, айфон в кредит, айфон купить недорого, iphone оренбург купить в рассрочку, айфон 16";;
174011660502;;;;"iPhone 16;IPhone";"iPhone 16 Plus - Розовый - 256";;;https://static.tildacdn.com/stor3231-3030-4565-a466-333636333464/15454176.jpg;84990.00;;;;;Z0TobilUcyPtyoL1KbK7;;0;0;0;0;"Предзаказ iPhone 16 в Оренбурге по низкой цене";"Магазин Apple техники Айточка в Оренбурге предлагает приобрести Apple технику по самой низкой цене. Вся техника сертифицирована. Возможность приобрести айфон в кредит и рассрочку.";"купить айфон, купить iPhone, купить айфон в оренбурге, айфон оренбург, айфон в кредит, айфон купить недорого, iphone оренбург купить в рассрочку, айфон 16";;
429756069782;;;;"iPhone 16;IPhone";"iPhone 16 Plus - Зелёный - 256";;;https://static.tildacdn.com/stor6637-6236-4265-a662-643337316431/45264990.jpg;84990.00;;;;;ZZZaykJMjyNGBmoJVhCu;;0;0;0;0;"Предзаказ iPhone 16 в Оренбурге по низкой цене";"Магазин Apple техники Айточка в Оренбурге предлагает приобрести Apple технику по самой низкой цене. Вся техника сертифицирована. Возможность приобрести айфон в кредит и рассрочку.";"купить айфон, купить iPhone, купить айфон в оренбурге, айфон оренбург, айфон в кредит, айфон купить недорого, iphone оренбург купить в рассрочку, айфон 16";;
509478506442;;;;"iPhone 16;IPhone";"iPhone 16 Plus - Белый - 256";;;https://static.tildacdn.com/stor3734-6439-4462-a235-613032346366/72176922.jpg;84990.00;;;;;OjjMJ9Ti49S8SrnnFfgB;;0;0;0;0;"Предзаказ iPhone 16 в Оренбурге по низкой цене";"Магазин Apple техники Айточка в Оренбурге предлагает приобрести Apple технику по самой низкой цене. Вся техника сертифицирована. Возможность приобрести айфон в кредит и рассрочку.";"купить айфон, купить iPhone, купить айфон в оренбурге, айфон оренбург, айфон в кредит, айфон купить недорого, iphone оренбург купить в рассрочку, айфон 16";;
348594585582;;;;"iPhone 16;IPhone";"iPhone 16 Plus - Золотой - 256";;;https://static.tildacdn.com/stor3638-6337-4635-b134-643334623963/87954936.jpg;84990.00;;;;;syLmEXXHjjCsMMDfBky6;;0;0;0;0;"Предзаказ iPhone 16 в Оренбурге по низкой цене";"Магазин Apple техники Айточка в Оренбурге предлагает приобрести Apple технику по самой низкой цене. Вся техника сертифицирована. Возможность приобрести айфон в кредит и рассрочку.";"купить айфон, купить iPhone, купить айфон в оренбурге, айфон оренбург, айфон в кредит, айфон купить недорого, iphone оренбург купить в рассрочку, айфон 16";;
384959799412;;;;"iPhone 16;IPhone";"iPhone 16 Plus - Фиолетовый - 256";;;https://static.tildacdn.com/stor3833-3634-4339-b631-303738306561/15678817.jpg;84990.00;;;;;Ni1LPTPuI0YkjFOuLheO;;0;0;0;0;"Предзаказ iPhone 16 в Оренбурге по низкой цене";"Магазин Apple техники Айточка в Оренбурге предлагает приобрести Apple технику по самой низкой цене. Вся техника сертифицирована. Возможность приобрести айфон в кредит и рассрочку.";"купить айфон, купить iPhone, купить айфон в оренбурге, айфон оренбург, айфон в кредит, айфон купить недорого, iphone оренбург купить в рассрочку, айфон 16";;
641651696062;;;;"iPhone 16;IPhone";"iPhone 16 Plus - Черный - 256";;;https://static.tildacdn.com/stor3931-3638-4863-b131-316565626563/63160209.jpg;84990.00;;;;;a5PAGJ09c9mYxdg7Oz8x;;0;0;0;0;"Предзаказ iPhone 16 в Оренбурге по низкой цене";"Магазин Apple техники Айточка в Оренбурге предлагает приобрести Apple технику по самой низкой цене. Вся техника сертифицирована. Возможность приобрести айфон в кредит и рассрочку.";"купить айфон, купить iPhone, купить айфон в оренбурге, айфон оренбург, айфон в кредит, айфон купить недорого, iphone оренбург купить в рассрочку, айфон 16";;
848946569732;;;;AirPods;"HomePod mini";;;https://static.tildacdn.com/stor3537-6439-4562-b365-633537653437/42600632.jpg;13990.00;;;;;T74xTmB1uh27L2rDJycP;;0;0;0;0;"Купить AirPods Pro в Оренбурге по низкой цене";"Магазин Apple техники Айточка в Оренбурге предлагает приобрести Apple технику по самой низкой цене. Вся техника сертифицирована. Возможность приобрести оригинальные AirPods Pro в кредит и рассрочку.";"Купить оригинальные аирподс, Купить оригинальные AirPods, купить аирподс Оренбург, оригинальные аирподс дешево, аирподс в кредит, AirPods в рассрочку";;
646864277802;;;;"iPhone 16;IPhone";"iPhone 16 Pro Max eSim - Черный - 256";;;https://static.tildacdn.com/stor6562-3364-4736-a530-373433336263/43914556.jpg;93990.00;;;;;9IbdoeKBth3d1aBhurS4;;0;0;0;0;"Предзаказ iPhone 16 в Оренбурге по низкой цене";"Магазин Apple техники Айточка в Оренбурге предлагает приобрести Apple технику по самой низкой цене. Вся техника сертифицирована. Возможность приобрести айфон в кредит и рассрочку.";"купить айфон, купить iPhone, купить айфон в оренбурге, айфон оренбург, айфон в кредит, айфон купить недорого, iphone оренбург купить в рассрочку, айфон 16";;
543407204252;;;;"iPhone 16;IPhone";"iPhone 16 Pro Max eSim - Белый - 256";;;https://static.tildacdn.com/stor6632-6136-4335-b865-323833343063/46587819.jpg;93990.00;;;;;JMELjJc7XBTG5tiyx2kn;;0;0;0;0;"Предзаказ iPhone 16 в Оренбурге по низкой цене";"Магазин Apple техники Айточка в Оренбурге предлагает приобрести Apple технику по самой низкой цене. Вся техника сертифицирована. Возможность приобрести айфон в кредит и рассрочку.";"купить айфон, купить iPhone, купить айфон в оренбурге, айфон оренбург, айфон в кредит, айфон купить недорого, iphone оренбург купить в рассрочку, айфон 16";;
879748068402;;;;"iPhone 16;IPhone";"iPhone 16 Pro Max eSim - Титан - 256";;;https://static.tildacdn.com/stor3230-6134-4134-a639-363138323439/13216928.jpg;93990.00;;;;;eeDS7yirUbF0XsEUDgFp;;0;0;0;0;"Предзаказ iPhone 16 в Оренбурге по низкой цене";"Магазин Apple техники Айточка в Оренбурге предлагает приобрести Apple технику по самой низкой цене. Вся техника сертифицирована. Возможность приобрести айфон в кредит и рассрочку.";"купить айфон, купить iPhone, купить айфон в оренбурге, айфон оренбург, айфон в кредит, айфон купить недорого, iphone оренбург купить в рассрочку, айфон 16";;
775112910192;;;;"iPhone 16;IPhone";"iPhone 16 Pro Max eSim - Песочный титан - 256";;;https://static.tildacdn.com/stor6466-3165-4766-b466-343531363263/72229744.jpg;93990.00;;;;;0o81NkoIhPhBmx0y9vf1;;0;0;0;0;"Предзаказ iPhone 16 в Оренбурге по низкой цене";"Магазин Apple техники Айточка в Оренбурге предлагает приобрести Apple технику по самой низкой цене. Вся техника сертифицирована. Возможность приобрести айфон в кредит и рассрочку.";"купить айфон, купить iPhone, купить айфон в оренбурге, айфон оренбург, айфон в кредит, айфон купить недорого, iphone оренбург купить в рассрочку, айфон 16";;
438527949472;;;;"iPhone 16;IPhone";"iPhone 16 Pro Max eSim - Черный - 512";;;https://static.tildacdn.com/stor6562-3364-4736-a530-373433336263/43914556.jpg;120990.00;;;;;LB9zPiJFLhksvdRKrr58;;0;0;0;0;"Предзаказ iPhone 16 в Оренбурге по низкой цене";"Магазин Apple техники Айточка в Оренбурге предлагает приобрести Apple технику по самой низкой цене. Вся техника сертифицирована. Возможность приобрести айфон в кредит и рассрочку.";"купить айфон, купить iPhone, купить айфон в оренбурге, айфон оренбург, айфон в кредит, айфон купить недорого, iphone оренбург купить в рассрочку, айфон 16";;
214651083042;;;;"iPhone 16;IPhone";"iPhone 16 Pro Max eSim - Белый - 512";;;https://static.tildacdn.com/stor6632-6136-4335-b865-323833343063/46587819.jpg;120990.00;;;;;poBxv73nGhB6hkthlEve;;0;0;0;0;"Предзаказ iPhone 16 в Оренбурге по низкой цене";"Магазин Apple техники Айточка в Оренбурге предлагает приобрести Apple технику по самой низкой цене. Вся техника сертифицирована. Возможность приобрести айфон в кредит и рассрочку.";"купить айфон, купить iPhone, купить айфон в оренбурге, айфон оренбург, айфон в кредит, айфон купить недорого, iphone оренбург купить в рассрочку, айфон 16";;
520089711822;;;;"iPhone 16;IPhone";"iPhone 16 Pro Max eSim - Титан - 512";;;https://static.tildacdn.com/stor3230-6134-4134-a639-363138323439/13216928.jpg;120990.00;;;;;b7tlrOcU6606GLHFGlMx;;0;0;0;0;"Предзаказ iPhone 16 в Оренбурге по низкой цене";"Магазин Apple техники Айточка в Оренбурге предлагает приобрести Apple технику по самой низкой цене. Вся техника сертифицирована. Возможность приобрести айфон в кредит и рассрочку.";"купить айфон, купить iPhone, купить айфон в оренбурге, айфон оренбург, айфон в кредит, айфон купить недорого, iphone оренбург купить в рассрочку, айфон 16";;
217146309382;;;;"iPhone 16;IPhone";"iPhone 16 Pro Max eSim - Песочный титан - 512";;;https://static.tildacdn.com/stor6466-3165-4766-b466-343531363263/72229744.jpg;120990.00;;;;;RDOB4NB0KdonXiL7MZiX;;0;0;0;0;"Предзаказ iPhone 16 в Оренбурге по низкой цене";"Магазин Apple техники Айточка в Оренбурге предлагает приобрести Apple технику по самой низкой цене. Вся техника сертифицирована. Возможность приобрести айфон в кредит и рассрочку.";"купить айфон, купить iPhone, купить айфон в оренбурге, айфон оренбург, айфон в кредит, айфон купить недорого, iphone оренбург купить в рассрочку, айфон 16";;
720694318162;;;;"iPhone 16;IPhone";"iPhone 16 Pro eSim - Песочный титан - 512";;;https://static.tildacdn.com/stor6466-3165-4766-b466-343531363263/72229744.jpg;116990.00;;;;;Tg2Ab0JosrtOZccmFEIg;;0;0;0;0;"Предзаказ iPhone 16 в Оренбурге по низкой цене";"Магазин Apple техники Айточка в Оренбурге предлагает приобрести Apple технику по самой низкой цене. Вся техника сертифицирована. Возможность приобрести айфон в кредит и рассрочку.";"купить айфон, купить iPhone, купить айфон в оренбурге, айфон оренбург, айфон в кредит, айфон купить недорого, iphone оренбург купить в рассрочку, айфон 16";;
677713931402;;;;"iPhone 16;IPhone";"iPhone 16 Pro eSim - Титан - 512";;;https://static.tildacdn.com/stor3230-6134-4134-a639-363138323439/13216928.jpg;116990.00;;;;;PaJBgDDAhKUgeYhzcfIy;;0;0;0;0;"Предзаказ iPhone 16 в Оренбурге по низкой цене";"Магазин Apple техники Айточка в Оренбурге предлагает приобрести Apple технику по самой низкой цене. Вся техника сертифицирована. Возможность приобрести айфон в кредит и рассрочку.";"купить айфон, купить iPhone, купить айфон в оренбурге, айфон оренбург, айфон в кредит, айфон купить недорого, iphone оренбург купить в рассрочку, айфон 16";;
594122636782;;;;"iPhone 16;IPhone";"iPhone 16 Pro eSim - Белый - 512";;;https://static.tildacdn.com/stor6632-6136-4335-b865-323833343063/46587819.jpg;116990.00;;;;;SEABY1FuKjJrzTT3Kua9;;0;0;0;0;"Предзаказ iPhone 16 в Оренбурге по низкой цене";"Магазин Apple техники Айточка в Оренбурге предлагает приобрести Apple технику по самой низкой цене. Вся техника сертифицирована. Возможность приобрести айфон в кредит и рассрочку.";"купить айфон, купить iPhone, купить айфон в оренбурге, айфон оренбург, айфон в кредит, айфон купить недорого, iphone оренбург купить в рассрочку, айфон 16";;
669693846932;;;;"iPhone 16;IPhone";"iPhone 16 Pro eSim - Черный - 512";;;https://static.tildacdn.com/stor6562-3364-4736-a530-373433336263/43914556.jpg;116990.00;;;;;o0CAo9zm27A2tjyZUDOs;;0;0;0;0;"Предзаказ iPhone 16 в Оренбурге по низкой цене";"Магазин Apple техники Айточка в Оренбурге предлагает приобрести Apple технику по самой низкой цене. Вся техника сертифицирована. Возможность приобрести айфон в кредит и рассрочку.";"купить айфон, купить iPhone, купить айфон в оренбурге, айфон оренбург, айфон в кредит, айфон купить недорого, iphone оренбург купить в рассрочку, айфон 16";;
828590598982;;;;Приставки;"PlayStation 5 Slim Digital";;;https://static.tildacdn.com/stor3365-6334-4130-b462-663337303332/98291601.jpg;62990.00;;;;;4UY2X5lmIUihNBZsfljF;;0;0;0;0;;;;;
515176368202;;;;Marshall;"Marshall Acton III";;;https://static.tildacdn.com/stor3163-3030-4734-b535-393839616365/94188128.jpg;23990.00;;;;;fEYDv4GJchERv5v9tYrD;;0;0;0;0;"Купить Marshall Acton III в Оренбурге по низкой цене";"Магазин техники Айточка в Оренбурге предлагает приобрести Apple технику и другое по самой низкой цене. Вся техника сертифицирована. Возможность приобрести айфон в кредит и рассрочку.";"купить айфон, купить iPhone, купить айфон в оренбурге, айфон оренбург, айфон в кредит, айфон купить недорого, iphone оренбург купить в рассрочку, marshall, колонка, купить айфон, купить iPhone, купить айфон в оренбурге, айфон оренбург, айфон в кредит, айфон купить недорого, iphone оренбург купить в рассрочку, Marshall Acton III";;
114730322372;;;;Marshall;"Marshall Stanmore III";;;https://static.tildacdn.com/stor6135-6331-4831-a531-366331393138/43375910.jpg;29990.00;;;;;4dVav0sUHy18gr5I5Uuo;;0;0;0;0;"Купить Marshall Acton III в Оренбурге по низкой цене";"Магазин техники Айточка в Оренбурге предлагает приобрести Apple технику и другое по самой низкой цене. Вся техника сертифицирована. Возможность приобрести айфон в кредит и рассрочку.";"купить айфон, купить iPhone, купить айфон в оренбурге, айфон оренбург, айфон в кредит, айфон купить недорого, iphone оренбург купить в рассрочку, marshall, колонка, купить айфон, купить iPhone, купить айфон в оренбурге, айфон оренбург, айфон в кредит, айфон купить недорого, iphone оренбург купить в рассрочку, Marshall Acton III, Marshall Stanmore III";;
986793942702;;;;Marshall;"Marshall Woburn III";;;https://static.tildacdn.com/stor3363-3337-4862-a361-383937346230/51740645.jpg;39990.00;;;;;uiH2oE6zBzhdrMLcfPlc;;0;0;0;0;"Купить Marshall Acton III в Оренбурге по низкой цене";"Магазин техники Айточка в Оренбурге предлагает приобрести Apple технику и другое по самой низкой цене. Вся техника сертифицирована. Возможность приобрести айфон в кредит и рассрочку.";"купить айфон, купить iPhone, купить айфон в оренбурге, айфон оренбург, айфон в кредит, айфон купить недорого, iphone оренбург купить в рассрочку, marshall, колонка, купить айфон, купить iPhone, купить айфон в оренбурге, айфон оренбург, айфон в кредит, айфон купить недорого, iphone оренбург купить в рассрочку, Marshall Acton III, Marshall Woburn III";;
572940270252;;;;Часы;"Garmin Fenix 7х Saphire Solar Carbon Gray Ti / Silcone Black Band, GPS";;;https://static.tildacdn.com/stor3664-3461-4132-a231-363539383964/85760599.jpg;66990.00;;;;;Nxy1aKTjAHzdLtKu60at;;0;0;0;0;"Купить Garmin Fenix 7х Saphire Solar Carbon Gray Ti / Silcone Black Band, GPS в Оренбурге по низкой цене";"Магазин техники Айточка в Оренбурге предлагает приобрести Apple технику и другое по самой низкой цене. Вся техника сертифицирована. Возможность приобрести айфон в кредит и рассрочку.";"купить айфон, купить iPhone, купить айфон в оренбурге, айфон оренбург, айфон в кредит, айфон купить недорого, iphone оренбург купить в рассрочку, marshall, колонка, купить айфон, купить iPhone, купить айфон в оренбурге, айфон оренбург, айфон в кредит, айфон купить недорого, iphone оренбург купить в рассрочку, часы, Garmin Fenix 7х Saphire Solar Carbon Gray Ti / Silcone Black Band, GPS, Garmin Fenix, 7х, Saphire, Solar, Carbon Gray Ti";;
319079096362;;;;Наушники;"Samsung Galaxy Buds 3 - Черные";;;https://static.tildacdn.com/stor3139-6237-4637-a637-333138356431/38011488.png;6990.00;;;;;48kB6lrCfC420S4KZiUv;;0;0;0;0;"Купить AirPods Pro 2 в Оренбурге по низкой цене";"Магазин Apple техники Айточка в Оренбурге предлагает приобрести Apple технику по самой низкой цене. Вся техника сертифицирована. Возможность приобрести оригинальные AirPods Pro в кредит и рассрочку.";"Купить оригинальные самсунг гелекси бадс, Купить оригинальные Samsung Galaxy Buds, купить гелекси бадс Оренбург, оригинальные самсунг гелекси бадс дешево, гелекси бадс в кредит, Galaxy Buds в рассрочку, Samsung Galaxy Buds 3";;
974428095252;;;;Наушники;"Samsung Galaxy Buds 3 - Белые";;;https://static.tildacdn.com/stor3331-6638-4430-b632-303237623366/96100455.png;6990.00;;;;;GJh73iLapFuElBJPjVBU;;0;0;0;0;"Купить AirPods Pro 2 в Оренбурге по низкой цене";"Магазин Apple техники Айточка в Оренбурге предлагает приобрести Apple технику по самой низкой цене. Вся техника сертифицирована. Возможность приобрести оригинальные AirPods Pro в кредит и рассрочку.";"Купить оригинальные самсунг гелекси бадс, Купить оригинальные Samsung Galaxy Buds, купить гелекси бадс Оренбург, оригинальные самсунг гелекси бадс дешево, гелекси бадс в кредит, Galaxy Buds в рассрочку, Samsung Galaxy Buds 3";;
974353403612;;;;Наушники;"Samsung Galaxy Buds 3 Pro - Черные";;;https://static.tildacdn.com/stor6337-3133-4738-b635-396631613235/62441190.png;12990.00;;;;;97VgpZIfD7VJrP2i1vaX;;0;0;0;0;"Купить AirPods Pro 2 в Оренбурге по низкой цене";"Магазин Apple техники Айточка в Оренбурге предлагает приобрести Apple технику по самой низкой цене. Вся техника сертифицирована. Возможность приобрести оригинальные AirPods Pro в кредит и рассрочку.";"Купить оригинальные самсунг гелекси бадс про, Купить оригинальные Samsung Galaxy Buds 3 Pro, купить гелекси бадс Оренбург, оригинальные самсунг гелекси бадс дешево, гелекси бадс в кредит, Galaxy Buds в рассрочку, Samsung Galaxy Buds 3 Pro, самсунг гелекси бадс 3 про";;
608847039592;;;;Наушники;"Samsung Galaxy Buds 3 Pro - Белые";;;https://static.tildacdn.com/stor6665-3531-4262-a163-323564333935/27557952.png;12990.00;;;;;SVseLTKjDJePrny3nPIy;;0;0;0;0;"Купить AirPods Pro 2 в Оренбурге по низкой цене";"Магазин Apple техники Айточка в Оренбурге предлагает приобрести Apple технику по самой низкой цене. Вся техника сертифицирована. Возможность приобрести оригинальные AirPods Pro в кредит и рассрочку.";"Купить оригинальные самсунг гелекси бадс про, Купить оригинальные Samsung Galaxy Buds 3 Pro, купить гелекси бадс Оренбург, оригинальные самсунг гелекси бадс дешево, гелекси бадс в кредит, Galaxy Buds в рассрочку, Samsung Galaxy Buds 3 Pro, самсунг гелекси бадс 3 про";;
189298035242;;;;"iPhone 16;IPhone";"iPhone 16 Pro eSim - Черный - 128";;;https://static.tildacdn.com/stor6562-3364-4736-a530-373433336263/43914556.jpg;83990.00;;;;;ESSVP4Z6cSFnFaYJK2Un;;0;0;0;0;"Предзаказ iPhone 16 в Оренбурге по низкой цене";"Магазин Apple техники Айточка в Оренбурге предлагает приобрести Apple технику по самой низкой цене. Вся техника сертифицирована. Возможность приобрести айфон в кредит и рассрочку.";"купить айфон, купить iPhone, купить айфон в оренбурге, айфон оренбург, айфон в кредит, айфон купить недорого, iphone оренбург купить в рассрочку, айфон 16";;
601618044412;;;;"iPhone 16;IPhone";"iPhone 16 Pro eSim - Белый - 128";;;https://static.tildacdn.com/stor6632-6136-4335-b865-323833343063/46587819.jpg;83990.00;;;;;eZvmr31o13eVEBzf4c9d;;0;0;0;0;"Предзаказ iPhone 16 в Оренбурге по низкой цене";"Магазин Apple техники Айточка в Оренбурге предлагает приобрести Apple технику по самой низкой цене. Вся техника сертифицирована. Возможность приобрести айфон в кредит и рассрочку.";"купить айфон, купить iPhone, купить айфон в оренбурге, айфон оренбург, айфон в кредит, айфон купить недорого, iphone оренбург купить в рассрочку, айфон 16";;
617296848222;;;;"iPhone 16;IPhone";"iPhone 16 Pro eSim - Песочный титан - 128";;;https://static.tildacdn.com/stor6466-3165-4766-b466-343531363263/72229744.jpg;83990.00;;;;;VXZ47008oVjUb44HuaJP;;0;0;0;0;"Предзаказ iPhone 16 в Оренбурге по низкой цене";"Магазин Apple техники Айточка в Оренбурге предлагает приобрести Apple технику по самой низкой цене. Вся техника сертифицирована. Возможность приобрести айфон в кредит и рассрочку.";"купить айфон, купить iPhone, купить айфон в оренбурге, айфон оренбург, айфон в кредит, айфон купить недорого, iphone оренбург купить в рассрочку, айфон 16";;
729189149532;;;;"iPhone 16;IPhone";"iPhone 16 Pro eSim - Титан - 128";;;https://static.tildacdn.com/stor3230-6134-4134-a639-363138323439/13216928.jpg;83990.00;;;;;GkIi8OHNjS74ZYIgoxu9;;0;0;0;0;"Предзаказ iPhone 16 в Оренбурге по низкой цене";"Магазин Apple техники Айточка в Оренбурге предлагает приобрести Apple технику по самой низкой цене. Вся техника сертифицирована. Возможность приобрести айфон в кредит и рассрочку.";"купить айфон, купить iPhone, купить айфон в оренбурге, айфон оренбург, айфон в кредит, айфон купить недорого, iphone оренбург купить в рассрочку, айфон 16";;
807054529092;;;;Dyson;"Выпрямитель Dyson Airstrait HT01";;;https://static.tildacdn.com/stor3137-3163-4363-a139-343033323733/81288274.png;30990.00;;;;;MXEg3oL8pDkuZdmtlf7x;;0;0;0;0;;;;;
701503580302;;;;Dyson;"Стайлер Dyson Airwrap long HS08";;;https://static.tildacdn.com/stor6666-6238-4835-b238-363832393262/96188253.png;35990.00;;;;;hkvol5IuEs3VFCS8C78Y;;0;0;0;0;;;;;
442248481542;;;;Watch;"Apple Watch Ultra 2";;;https://static.tildacdn.com/stor3162-3638-4362-b931-383230336238/73110038.png;58990.00;;;;;B6nHFR3ncponrUi8jbrA;;0;0;0;0;"Купить Apple Watch SE 2022 в Оренбурге по низкой цене";"Магазин Apple техники Айточка в Оренбурге предлагает приобрести Apple технику по самой низкой цене. Вся техника сертифицирована. Возможность приобрести оригинальные Apple Watch в кредит и рассрочку.";"Купить Эпл вотчи Оренбург, apple watch Оренбург, apple watch купить недорого, Эпл вотч в кредит купить, эпл вотч Оренбург";;
445992338212;;;;Приставки;"PlayStation 5 Pro";;;https://static.tildacdn.com/stor3031-6566-4239-a662-313331336437/73464112.png;104990.00;;;;;d8ARRjJGenp3CJygzu0f;;0;0;0;0;;;;;
179170212772;;;;Samsung;"A16 6/128";;;https://static.tildacdn.com/stor6238-3636-4562-a437-383437663830/88703186.png;12990.00;;;;;aZcjIg5xloMLT4pTyDlu;;0;0;0;0;"Купить Samsung A16 в Оренбурге по низкой цене";"Магазин Apple техники Айточка в Оренбурге предлагает приобрести Apple технику по самой низкой цене. Вся техника сертифицирована. Возможность приобрести айфон и технику в кредит и рассрочку.";"купить айфон, купить iPhone, купить айфон в оренбурге, айфон оренбург, айфон в кредит, айфон купить недорого, iphone оренбург купить в рассрочку, Samsung A16, самсунг, samsung, A16";;
194928818712;;;;Samsung;"A16 6/256";;;https://static.tildacdn.com/stor6238-3636-4562-a437-383437663830/88703186.png;13990.00;;;;;PiTm32feBbMSKbI03dn3;;0;0;0;0;"Купить Samsung A16 в Оренбурге по низкой цене";"Магазин Apple техники Айточка в Оренбурге предлагает приобрести Apple технику по самой низкой цене. Вся техника сертифицирована. Возможность приобрести айфон и технику в кредит и рассрочку.";"купить айфон, купить iPhone, купить айфон в оренбурге, айфон оренбург, айфон в кредит, айфон купить недорого, iphone оренбург купить в рассрочку, Samsung A16, самсунг, samsung, A16";;
947810981172;;;;Marshall;"Беспроводные наушники Marshall Major V";;;https://static.tildacdn.com/stor3833-3735-4861-a530-353139356135/77067513.png;8990.00;;;;;btVc8j8uXMREiJTIGyb4;;0;0;0;0;;;;;
487640699042;;;;Samsung;"Samsung S26 12/256";;;https://static.tildacdn.com/stor3631-3964-4430-a538-646331336361/90297647.png;60990.00;;;;;lHUC8oAy2ez6LH7ZiNmM;;0;0;0;0;;;;;
479278880262;;;;Samsung;"Samsung S26 12/512";;;https://static.tildacdn.com/stor6465-3631-4638-b063-386163343764/64031241.png;69990.00;;;;;B1jPpPmYRJ52HryGdk0L;;0;0;0;0;;;;;
843122745222;;;;Samsung;"Samsung S26 Ultra 12/256";;;https://static.tildacdn.com/stor3462-3830-4739-a463-343930336161/70697192.png;77990.00;;;;;v54I7MpBp4GbBgAgZ1pY;;0;0;0;0;;;;;
760880853872;;;;Samsung;"Samsung S26 Ultra 12/512";;;https://static.tildacdn.com/stor3739-3066-4637-a333-663535343662/14936987.png;93990.00;;;;;LOUVxYd0b9MPP3Seygaj;;0;0;0;0;;;;;
248060690962;;;;AirPods;"AirPods Pro 3 белый";;;https://static.tildacdn.com/stor3464-3738-4338-b963-396363343665/39495117.webp;18990.00;;;;;XRicD8z0YSuUfn4tr0lC;;0;0;0;0;;;;;
982724066202;;;;"iPhone 17;IPhone";"iPhone 17";"Базовый iPhone 17, представленный Apple 9 сентября 2025 года, получил#nbsp;6,3-дюймовый экран Super Retina XDR с частотой 120 Гц (ProMotion), процессор A19, сдвоенную камеру с датчиками по 48 МП, фронтальную камеру 18 МП, а также базовый объем памяти от 256 ГБ и автономность до 30 часов.#nbsp;[<a href=""https://re-store.ru/blog/obzory/iphone-17-review-2025-09-09/"">1</a>,#nbsp;<a href=""https://i-point.ru/iphone-17/256gb/black"">2</a>,#nbsp;<a href=""https://www.idevice.ru/blog/obzor-iphone-17"">3</a>]";;https://static.tildacdn.com/stor6531-3235-4632-a132-636234306266/00634eb36a5ba6c8e084d547ed7f33de.webp;;;;;;068M6osedPIJsDV4YA9B;;0;0;0;0;;;;;
553534446892;;;;;"iPhone 17 - Белый - 256 - eSim";;;https://static.tildacdn.com/stor6531-3235-4632-a132-636234306266/00634eb36a5ba6c8e084d547ed7f33de.webp;76990.00;;;"Цвет:Белый;Память:256;Вид сим-карты:eSim";;u9TDyHpRMPcj9OdCvvj7;982724066202;0;0;0;0;;;;;
740977308502;;;;;"iPhone 17 - Белый - 512 - Sim + eSim";;;https://static.tildacdn.com/stor6531-3235-4632-a132-636234306266/00634eb36a5ba6c8e084d547ed7f33de.webp;93990.00;;;"Цвет:Белый;Память:512;Вид сим-карты:Sim + eSim";;vyGBkkJUcXp7UO6pr9yt;982724066202;0;0;0;0;;;;;
513305280142;;;;;"iPhone 17 - Белый - 512 - eSim";;;https://static.tildacdn.com/stor6531-3235-4632-a132-636234306266/00634eb36a5ba6c8e084d547ed7f33de.webp;92990.00;;;"Цвет:Белый;Память:512;Вид сим-карты:eSim";;nuxXddLVLLj8nREeZ0cZ;982724066202;0;0;0;0;;;;;
421962052862;;;;;"iPhone 17 - Белый - 256 - Sim + eSim";;;https://static.tildacdn.com/stor6531-3235-4632-a132-636234306266/00634eb36a5ba6c8e084d547ed7f33de.webp;77990.00;;;"Цвет:Белый;Память:256;Вид сим-карты:Sim + eSim";;dpd7mJjH9e2p7Nsof96K;982724066202;0;0;0;0;;;;;
488566834762;;;;;"iPhone 17 - Чёрный - 256 - eSim";;;https://static.tildacdn.com/stor6431-3463-4033-a237-343166633061/6606e3ec01727ad32cac6d06b1a8f105.webp;76990.00;;;"Цвет:Чёрный;Память:256;Вид сим-карты:eSim";;iu2C2YV1LAVzPpkdPmaj;982724066202;0;0;0;0;;;;;
430947414622;;;;;"iPhone 17 - Чёрный - 256 - Sim + eSim";;;https://static.tildacdn.com/stor6431-3463-4033-a237-343166633061/6606e3ec01727ad32cac6d06b1a8f105.webp;77990.00;;;"Цвет:Чёрный;Память:256;Вид сим-карты:Sim + eSim";;a7g61DHuvouszJJn8dlF;982724066202;0;0;0;0;;;;;
984243973212;;;;;"iPhone 17 - Чёрный - 512 - eSim";;;https://static.tildacdn.com/stor6431-3463-4033-a237-343166633061/6606e3ec01727ad32cac6d06b1a8f105.webp;89990.00;;;"Цвет:Чёрный;Память:512;Вид сим-карты:eSim";;h35GvOKmydPY47Jrclyb;982724066202;0;0;0;0;;;;;
219007223732;;;;;"iPhone 17 - Чёрный - 512 - Sim + eSim";;;https://static.tildacdn.com/stor6431-3463-4033-a237-343166633061/6606e3ec01727ad32cac6d06b1a8f105.webp;92990.00;;;"Цвет:Чёрный;Память:512;Вид сим-карты:Sim + eSim";;T0r50G6AIABgBOFjfChb;982724066202;0;0;0;0;;;;;
664063190952;;;;;"iPhone 17 - Розовый - 256 - eSim";;;https://static.tildacdn.com/stor6162-3065-4830-a165-653236353465/65c71d022357b64e99bd90e413f2c37c.webp;76990.00;;;"Цвет:Розовый;Память:256;Вид сим-карты:eSim";;usHKBL1FylEB1YsHVFJi;982724066202;0;0;0;0;;;;;
476292991132;;;;;"iPhone 17 - Розовый - 256 - Sim + eSim";;;https://static.tildacdn.com/stor6162-3065-4830-a165-653236353465/65c71d022357b64e99bd90e413f2c37c.webp;78990.00;;;"Цвет:Розовый;Память:256;Вид сим-карты:Sim + eSim";;4ATdUDFYj4CnPaXOslML;982724066202;0;0;0;0;;;;;
180870583802;;;;;"iPhone 17 - Розовый - 512 - eSim";;;https://static.tildacdn.com/stor6162-3065-4830-a165-653236353465/65c71d022357b64e99bd90e413f2c37c.webp;93990.00;;;"Цвет:Розовый;Память:512;Вид сим-карты:eSim";;YXSBCknzuzg3oKk5HtmF;982724066202;0;0;0;0;;;;;
786980576152;;;;;"iPhone 17 - Розовый - 512 - Sim + eSim";;;https://static.tildacdn.com/stor6162-3065-4830-a165-653236353465/65c71d022357b64e99bd90e413f2c37c.webp;94990.00;;;"Цвет:Розовый;Память:512;Вид сим-карты:Sim + eSim";;EkKLXHjomYG5x9zvcYdu;982724066202;0;0;0;0;;;;;
295189774802;;;;;"iPhone 17 - Зеленый - 256 - eSim";;;https://static.tildacdn.com/stor3932-3961-4531-b936-343439303538/ca9f204366c0e3591b63f3b1a01bfc15.webp;76990.00;;;"Цвет:Зеленый;Память:256;Вид сим-карты:eSim";;e7d7HNvI2tzKJbjHH7hc;982724066202;0;0;0;0;;;;;
491762592282;;;;;"iPhone 17 - Зеленый - 256 - Sim + eSim";;;https://static.tildacdn.com/stor3932-3961-4531-b936-343439303538/ca9f204366c0e3591b63f3b1a01bfc15.webp;77990.00;;;"Цвет:Зеленый;Память:256;Вид сим-карты:Sim + eSim";;6ASvy9oCrp5JrALm7zh2;982724066202;0;0;0;0;;;;;
170618401772;;;;;"iPhone 17 - Зеленый - 512 - eSim";;;https://static.tildacdn.com/stor3932-3961-4531-b936-343439303538/ca9f204366c0e3591b63f3b1a01bfc15.webp;90990.00;;;"Цвет:Зеленый;Память:512;Вид сим-карты:eSim";;p6ScYv9E2AuT3OED3ZOj;982724066202;0;0;0;0;;;;;
569750630672;;;;;"iPhone 17 - Зеленый - 512 - Sim + eSim";;;https://static.tildacdn.com/stor3932-3961-4531-b936-343439303538/ca9f204366c0e3591b63f3b1a01bfc15.webp;92990.00;;;"Цвет:Зеленый;Память:512;Вид сим-карты:Sim + eSim";;00COhe7AHPFkB9zTkY8Z;982724066202;0;0;0;0;;;;;
349669869562;;;;;"iPhone 17 - Синий - 256 - eSim";;;https://static.tildacdn.com/stor3462-3164-4365-a664-393366316633/8978819149e95424080cf0a5a1ee3c15.webp;76990.00;;;"Цвет:Синий;Память:256;Вид сим-карты:eSim";;gAiZRjPaobJ4AFtkGVEs;982724066202;0;0;0;0;;;;;
665932074052;;;;;"iPhone 17 - Синий - 256 - Sim + eSim";;;https://static.tildacdn.com/stor3462-3164-4365-a664-393366316633/8978819149e95424080cf0a5a1ee3c15.webp;77990.00;;;"Цвет:Синий;Память:256;Вид сим-карты:Sim + eSim";;dX4A3sKgRnbjViJuKz2k;982724066202;0;0;0;0;;;;;
547856659112;;;;;"iPhone 17 - Синий - 512 - eSim";;;https://static.tildacdn.com/stor3462-3164-4365-a664-393366316633/8978819149e95424080cf0a5a1ee3c15.webp;90990.00;;;"Цвет:Синий;Память:512;Вид сим-карты:eSim";;lUt0kBSVT4IuSlO4YJTm;982724066202;0;0;0;0;;;;;
723734788072;;;;;"iPhone 17 - Синий - 512 - Sim + eSim";;;https://static.tildacdn.com/stor3462-3164-4365-a664-393366316633/8978819149e95424080cf0a5a1ee3c15.webp;92990.00;;;"Цвет:Синий;Память:512;Вид сим-карты:Sim + eSim";;zVIAYEFzC7nj974PpKfg;982724066202;0;0;0;0;;;;;
830708758492;;;;"iPhone 17;IPhone";"iPhone 17 Pro";"<strong>Apple iPhone 17 Pro</strong>#nbsp;—#nbsp;флагманский смартфон компании#nbsp;<a href=""https://ru.wikipedia.org/wiki/IPhone_17_Pro"" target=""_blank"" rel=""noreferrer noopener"">Apple</a>, представленный 9 сентября 2025 года. Устройство получило компактный 6,3-дюймовый дисплей, мощный чипсет A19 Pro, увеличенный до 12 ГБ объем оперативной памяти, тройную камеру с разрешением всех модулей по 48 Мп и систему испарительной камеры охлаждения";;https://static.tildacdn.com/stor6331-3036-4561-a266-663764663362/b7742c51dda2d197852421141992875f.webp;;;;;;7pCGjaMZK8fOYACafxRh;;0;0;0;0;;;;;
950838566932;;;;;"iPhone 17 Pro - Белый - 256 - eSim";;;https://static.tildacdn.com/stor6331-3036-4561-a266-663764663362/b7742c51dda2d197852421141992875f.webp;101990.00;;;"Цвет:Белый;Память:256;Вид сим-карты:eSim";;cmHlg5UxmJ51hbK2bR4p;830708758492;0;0;0;0;;;;;
518613533792;;;;;"iPhone 17 Pro - Белый - 256 - Sim + eSim";;;https://static.tildacdn.com/stor6331-3036-4561-a266-663764663362/b7742c51dda2d197852421141992875f.webp;104990.00;;;"Цвет:Белый;Память:256;Вид сим-карты:Sim + eSim";;BJtYt36lNv6kVbB6kPSH;830708758492;0;0;0;0;;;;;
464372625102;;;;;"iPhone 17 Pro - Белый - 512 - eSim";;;https://static.tildacdn.com/stor6331-3036-4561-a266-663764663362/b7742c51dda2d197852421141992875f.webp;116990.00;;;"Цвет:Белый;Память:512;Вид сим-карты:eSim";;O83mKDU3XifVB7d5nYu6;830708758492;0;0;0;0;;;;;
670721960232;;;;;"iPhone 17 Pro - Белый - 512 - Sim + eSim";;;https://static.tildacdn.com/stor6331-3036-4561-a266-663764663362/b7742c51dda2d197852421141992875f.webp;122990.00;;;"Цвет:Белый;Память:512;Вид сим-карты:Sim + eSim";;l6CPLd9zHSo9FaxFZEb2;830708758492;0;0;0;0;;;;;
883804226382;;;;;"iPhone 17 Pro - Белый - 1024 - eSim";;;https://static.tildacdn.com/stor6331-3036-4561-a266-663764663362/b7742c51dda2d197852421141992875f.webp;131990.00;;;"Цвет:Белый;Память:1024;Вид сим-карты:eSim";;4J5KJh0xoyceay6z3h1L;830708758492;0;0;0;0;;;;;
101381463322;;;;;"iPhone 17 Pro - Белый - 1024 - Sim + eSim";;;https://static.tildacdn.com/stor6331-3036-4561-a266-663764663362/b7742c51dda2d197852421141992875f.webp;141990.00;;;"Цвет:Белый;Память:1024;Вид сим-карты:Sim + eSim";;kUmy7rR59dgoCCs476E1;830708758492;0;0;0;0;;;;;
990376512182;;;;;"iPhone 17 Pro - Темно-синий - 256 - eSim";;;https://static.tildacdn.com/stor6239-3230-4533-b264-396163333635/b45ae7577eb920e1097731b83299afd6.webp;101990.00;;;"Цвет:Темно-синий;Память:256;Вид сим-карты:eSim";;m4CnUJ6S84ERziV2pBvb;830708758492;0;0;0;0;;;;;
313019117752;;;;;"iPhone 17 Pro - Темно-синий - 256 - Sim + eSim";;;https://static.tildacdn.com/stor6239-3230-4533-b264-396163333635/b45ae7577eb920e1097731b83299afd6.webp;103990.00;;;"Цвет:Темно-синий;Память:256;Вид сим-карты:Sim + eSim";;ZCiDefPfNGknLhyra2te;830708758492;0;0;0;0;;;;;
550516043292;;;;;"iPhone 17 Pro - Темно-синий - 512 - eSim";;;https://static.tildacdn.com/stor6239-3230-4533-b264-396163333635/b45ae7577eb920e1097731b83299afd6.webp;117990.00;;;"Цвет:Темно-синий;Память:512;Вид сим-карты:eSim";;oX16vBX5pO0m9nn4R3Sl;830708758492;0;0;0;0;;;;;
415949438912;;;;;"iPhone 17 Pro - Темно-синий - 512 - Sim + eSim";;;https://static.tildacdn.com/stor6239-3230-4533-b264-396163333635/b45ae7577eb920e1097731b83299afd6.webp;121990.00;;;"Цвет:Темно-синий;Память:512;Вид сим-карты:Sim + eSim";;UXzYjMRpa1H5iR16LxtF;830708758492;0;0;0;0;;;;;
759668268842;;;;;"iPhone 17 Pro - Темно-синий - 1024 - eSim";;;https://static.tildacdn.com/stor6239-3230-4533-b264-396163333635/b45ae7577eb920e1097731b83299afd6.webp;129990.00;;;"Цвет:Темно-синий;Память:1024;Вид сим-карты:eSim";;sHoCeN3bYpHtjpiePaVe;830708758492;0;0;0;0;;;;;
881578018842;;;;;"iPhone 17 Pro - Темно-синий - 1024 - Sim + eSim";;;https://static.tildacdn.com/stor6239-3230-4533-b264-396163333635/b45ae7577eb920e1097731b83299afd6.webp;142990.00;;;"Цвет:Темно-синий;Память:1024;Вид сим-карты:Sim + eSim";;RrDiGmXRTjbgI5roE0ig;830708758492;0;0;0;0;;;;;
737723650502;;;;;"iPhone 17 Pro - Оранжевый - 256 - eSim";;;https://static.tildacdn.com/stor6162-3962-4861-b535-656631326466/c127170786d7de809829bb3cbb0c276a.webp;99990.00;;;"Цвет:Оранжевый;Память:256;Вид сим-карты:eSim";;ttynv3n4Vbvu4BK4nIn7;830708758492;0;0;0;0;;;;;
117996433642;;;;;"iPhone 17 Pro - Оранжевый - 256 - Sim + eSim";;;https://static.tildacdn.com/stor6162-3962-4861-b535-656631326466/c127170786d7de809829bb3cbb0c276a.webp;101990.00;;;"Цвет:Оранжевый;Память:256;Вид сим-карты:Sim + eSim";;lbjA7Vfigti9GMNV20lY;830708758492;0;0;0;0;;;;;
182803968932;;;;;"iPhone 17 Pro - Оранжевый - 512 - eSim";;;https://static.tildacdn.com/stor6162-3962-4861-b535-656631326466/c127170786d7de809829bb3cbb0c276a.webp;114990.00;;;"Цвет:Оранжевый;Память:512;Вид сим-карты:eSim";;ZoaS8IBxTghmXh6zgbUj;830708758492;0;0;0;0;;;;;
796978546262;;;;;"iPhone 17 Pro - Оранжевый - 512 - Sim + eSim";;;https://static.tildacdn.com/stor6162-3962-4861-b535-656631326466/c127170786d7de809829bb3cbb0c276a.webp;119990.00;;;"Цвет:Оранжевый;Память:512;Вид сим-карты:Sim + eSim";;Ag9FpZgA5mr3xnsOAL8B;830708758492;0;0;0;0;;;;;
350616116512;;;;;"iPhone 17 Pro - Оранжевый - 1024 - eSim";;;https://static.tildacdn.com/stor6162-3962-4861-b535-656631326466/c127170786d7de809829bb3cbb0c276a.webp;127990.00;;;"Цвет:Оранжевый;Память:1024;Вид сим-карты:eSim";;ZOUXv0mEZu7arLBT9n0h;830708758492;0;0;0;0;;;;;
828417945072;;;;;"iPhone 17 Pro - Оранжевый - 1024 - Sim + eSim";;;https://static.tildacdn.com/stor6162-3962-4861-b535-656631326466/c127170786d7de809829bb3cbb0c276a.webp;135990.00;;;"Цвет:Оранжевый;Память:1024;Вид сим-карты:Sim + eSim";;MaD7PoTrehTLka3kkpJu;830708758492;0;0;0;0;;;;;
831538115002;;;;"iPhone 17;IPhone";"iPhone Air";"iPhone Air —#nbsp;это самый тонкий смартфон от Apple в истории линейки, выпущенный в сентябре 2025 года. При толщине корпуса всего 5,6 мм и весе 165 граммов он оснащен 6,5-дюймовым OLED-дисплеем с частотой 120 Гц, передовым процессором A19 Pro и одной основной камерой на 48 Мп.#nbsp;[<a href=""https://onlyphones.ru/blog/apple-air-podrobnyj-obzor-novogo-smartfona/"">1</a>,#nbsp;<a href=""https://hi-tech.mail.ru/review/120694-iphone-17-air/"">2</a>,#nbsp;<a href=""https://ru.wikipedia.org/wiki/IPhone_Air"">3</a>]";;https://static.tildacdn.com/stor6438-3432-4566-b733-373461646235/f6cbe2532ee15e9dcfb4c9f5c42f5981.webp;;;;;;DBRsHtOon7Myug3H8NXM;;0;0;0;0;;;;;
881043901632;;;;;"iPhone Air - Белый - 256 - eSim";;;https://static.tildacdn.com/stor6438-3432-4566-b733-373461646235/f6cbe2532ee15e9dcfb4c9f5c42f5981.webp;77990.00;;;"Цвет:Белый;Память:256;Вид сим-карты:eSim";;ovI9Fr5F4OBoJUFSus8B;831538115002;0;0;0;0;;;;;
442490545292;;;;;"iPhone Air - Белый - 512 - eSim";;;https://static.tildacdn.com/stor6438-3432-4566-b733-373461646235/f6cbe2532ee15e9dcfb4c9f5c42f5981.webp;88990.00;;;"Цвет:Белый;Память:512;Вид сим-карты:eSim";;jk3z7UElSo8IOfjx5b8G;831538115002;0;0;0;0;;;;;
164516218262;;;;;"iPhone Air - Белый - 1024 - eSim";;;https://static.tildacdn.com/stor6438-3432-4566-b733-373461646235/f6cbe2532ee15e9dcfb4c9f5c42f5981.webp;98990.00;;;"Цвет:Белый;Память:1024;Вид сим-карты:eSim";;cHTR8n3FJ5nC0G2nmHvt;831538115002;0;0;0;0;;;;;
343161376112;;;;;"iPhone Air - Чёрный - 256 - eSim";;;https://static.tildacdn.com/stor6131-6462-4164-b261-323739336238/c5e7937bff99e5cc59723bc03d8b7da4.webp;76990.00;;;"Цвет:Чёрный;Память:256;Вид сим-карты:eSim";;x12bJuSMXC27JNNAMp0C;831538115002;0;0;0;0;;;;;
448485079492;;;;;"iPhone Air - Чёрный - 512 - eSim";;;https://static.tildacdn.com/stor6131-6462-4164-b261-323739336238/c5e7937bff99e5cc59723bc03d8b7da4.webp;85990.00;;;"Цвет:Чёрный;Память:512;Вид сим-карты:eSim";;DXAF3FcEyLLCxkRS0llV;831538115002;0;0;0;0;;;;;
724955304202;;;;;"iPhone Air - Чёрный - 1024 - eSim";;;https://static.tildacdn.com/stor6131-6462-4164-b261-323739336238/c5e7937bff99e5cc59723bc03d8b7da4.webp;90990.00;;;"Цвет:Чёрный;Память:1024;Вид сим-карты:eSim";;nYCAhAsy2lUNO7j07Eft;831538115002;0;0;0;0;;;;;
368071561902;;;;;"iPhone Air - Золото - 256 - eSim";;;https://static.tildacdn.com/stor3331-3735-4930-a538-313339356364/f4801653e8c8cb45e85094ed1b11b977.webp;76990.00;;;"Цвет:Золото;Память:256;Вид сим-карты:eSim";;vz4laJO2d72LObBRevAm;831538115002;0;0;0;0;;;;;
525058021122;;;;;"iPhone Air - Золото - 512 - eSim";;;https://static.tildacdn.com/stor3331-3735-4930-a538-313339356364/f4801653e8c8cb45e85094ed1b11b977.webp;82990.00;;;"Цвет:Золото;Память:512;Вид сим-карты:eSim";;YS09tCIBkeELdCAr6Gmx;831538115002;0;0;0;0;;;;;
417868497652;;;;;"iPhone Air - Золото - 1024 - eSim";;;https://static.tildacdn.com/stor3331-3735-4930-a538-313339356364/f4801653e8c8cb45e85094ed1b11b977.webp;91990.00;;;"Цвет:Золото;Память:1024;Вид сим-карты:eSim";;66IVDykYZR3nRvKIvt5C;831538115002;0;0;0;0;;;;;
303880297802;;;;;"iPhone Air - Голубой - 256 - eSim";;;https://static.tildacdn.com/stor6239-3632-4265-a632-383330383666/d816b889223f11a04f1d32f94837af4d.webp;74990.00;;;"Цвет:Голубой;Память:256;Вид сим-карты:eSim";;viPzUa8Acph37pupcjvT;831538115002;0;0;0;0;;;;;
662229997332;;;;;"iPhone Air - Голубой - 512 - eSim";;;https://static.tildacdn.com/stor6239-3632-4265-a632-383330383666/d816b889223f11a04f1d32f94837af4d.webp;82990.00;;;"Цвет:Голубой;Память:512;Вид сим-карты:eSim";;UeUcmtBF0r5AvBituff6;831538115002;0;0;0;0;;;;;
259498720262;;;;;"iPhone Air - Голубой - 1024 - eSim";;;https://static.tildacdn.com/stor6239-3632-4265-a632-383330383666/d816b889223f11a04f1d32f94837af4d.webp;88990.00;;;"Цвет:Голубой;Память:1024;Вид сим-карты:eSim";;75hj9FgXrjI3jiSjRRtv;831538115002;0;0;0;0;;;;;
713552657232;;;;"iPhone 17;IPhone";"iPhone 17 Pro Max";"Флагманский#nbsp;<a href=""https://hi-tech.mail.ru/review/134352-apple-iphone-17-pro-max-review/"" target=""_blank"" rel=""noreferrer noopener"">iPhone 17 Pro Max</a>#nbsp;получил огромный 6,9-дюймовый Super Retina XDR OLED-экран, мощный чип A19 Pro, продвинутую систему камер с 8-кратным оптическим зумом и увеличенную автономность до 39 часов воспроизведения видео. Устройство вышло 19 сентября 2025 года, а его стоимость в России стартует от 179 990 рублей в зависимости от объема памяти";;https://static.tildacdn.com/stor6465-6366-4465-a362-383961663131/38674025.webp;;;;;;GhLPxytzog1LPr1MLfMU;;0;0;0;0;;;;;
768873473322;;;;;"iPhone 17 Pro Max - Белый - 256 - eSim";;;https://static.tildacdn.com/stor6465-6366-4465-a362-383961663131/38674025.webp;107990.00;;;"Цвет:Белый;Память:256;Вид сим-карты:eSim";;vAP8ZpbpOtBODVELLegT;713552657232;0;0;0;0;;;;;
822601070712;;;;;"iPhone 17 Pro Max - Белый - 256 - Sim + eSim";;;https://static.tildacdn.com/stor6465-6366-4465-a362-383961663131/38674025.webp;114990.00;;;"Цвет:Белый;Память:256;Вид сим-карты:Sim + eSim";;Es8k9me9noU0rpkSDPlH;713552657232;0;0;0;0;;;;;
900008650292;;;;;"iPhone 17 Pro Max - Белый - 512 - eSim";;;https://static.tildacdn.com/stor6465-6366-4465-a362-383961663131/38674025.webp;122990.00;;;"Цвет:Белый;Память:512;Вид сим-карты:eSim";;zXbpBoiHr1KG6bpC9vLl;713552657232;0;0;0;0;;;;;
943659670842;;;;;"iPhone 17 Pro Max - Белый - 512 - Sim + eSim";;;https://static.tildacdn.com/stor6465-6366-4465-a362-383961663131/38674025.webp;134990.00;;;"Цвет:Белый;Память:512;Вид сим-карты:Sim + eSim";;O6U9eSJS6ABYBigpYzPc;713552657232;0;0;0;0;;;;;
308792210902;;;;;"iPhone 17 Pro Max - Белый - 1024 - eSim";;;https://static.tildacdn.com/stor6465-6366-4465-a362-383961663131/38674025.webp;138990.00;;;"Цвет:Белый;Память:1024;Вид сим-карты:eSim";;g6vcyxTeLeIgtNpPsT9I;713552657232;0;0;0;0;;;;;
837368047022;;;;;"iPhone 17 Pro Max - Белый - 1024 - Sim + eSim";;;https://static.tildacdn.com/stor6465-6366-4465-a362-383961663131/38674025.webp;148990.00;;;"Цвет:Белый;Память:1024;Вид сим-карты:Sim + eSim";;r1j2ZcssKp0pXXiz3NKg;713552657232;0;0;0;0;;;;;
274710168002;;;;;"iPhone 17 Pro Max - Белый - 2048 - eSim";;;https://static.tildacdn.com/stor6465-6366-4465-a362-383961663131/38674025.webp;162990.00;;;"Цвет:Белый;Память:2048;Вид сим-карты:eSim";;RA764Pf8yb0xVXAKHVZY;713552657232;0;0;0;0;;;;;
405794855912;;;;;"iPhone 17 Pro Max - Белый - 2048 - Sim + eSim";;;https://static.tildacdn.com/stor6465-6366-4465-a362-383961663131/38674025.webp;174990.00;;;"Цвет:Белый;Память:2048;Вид сим-карты:Sim + eSim";;rB4cDcdJmMVDo8LIbJ8d;713552657232;0;0;0;0;;;;;
256224188072;;;;;"iPhone 17 Pro Max - Темно-синий - 256 - eSim";;;https://static.tildacdn.com/stor6138-6461-4163-a338-393239636433/63936458.webp;105990.00;;;"Цвет:Темно-синий;Память:256;Вид сим-карты:eSim";;nv4SGFvb3VB109ZLcL3b;713552657232;0;0;0;0;;;;;
131794810682;;;;;"iPhone 17 Pro Max - Темно-синий - 256 - Sim + eSim";;;https://static.tildacdn.com/stor6138-6461-4163-a338-393239636433/63936458.webp;113990.00;;;"Цвет:Темно-синий;Память:256;Вид сим-карты:Sim + eSim";;3GaCBKZ4KPhaXB0OeBMz;713552657232;0;0;0;0;;;;;
202337828622;;;;;"iPhone 17 Pro Max - Темно-синий - 512 - eSim";;;https://static.tildacdn.com/stor6138-6461-4163-a338-393239636433/63936458.webp;123990.00;;;"Цвет:Темно-синий;Память:512;Вид сим-карты:eSim";;T6doobxj9agfl6BisNVj;713552657232;0;0;0;0;;;;;
110144403902;;;;;"iPhone 17 Pro Max - Темно-синий - 512 - Sim + eSim";;;https://static.tildacdn.com/stor6138-6461-4163-a338-393239636433/63936458.webp;133990.00;;;"Цвет:Темно-синий;Память:512;Вид сим-карты:Sim + eSim";;TeElZN3yP5r4KokkLPXH;713552657232;0;0;0;0;;;;;
185705223052;;;;;"iPhone 17 Pro Max - Темно-синий - 1024 - eSim";;;https://static.tildacdn.com/stor6138-6461-4163-a338-393239636433/63936458.webp;137990.00;;;"Цвет:Темно-синий;Память:1024;Вид сим-карты:eSim";;VhYju3kLbHeYySvcLAbF;713552657232;0;0;0;0;;;;;
191764230322;;;;;"iPhone 17 Pro Max - Темно-синий - 1024 - Sim + eSim";;;https://static.tildacdn.com/stor6138-6461-4163-a338-393239636433/63936458.webp;147990.00;;;"Цвет:Темно-синий;Память:1024;Вид сим-карты:Sim + eSim";;gKKl4kp7niVtOzlgBKHd;713552657232;0;0;0;0;;;;;
999630800532;;;;;"iPhone 17 Pro Max - Темно-синий - 2048 - eSim";;;https://static.tildacdn.com/stor6138-6461-4163-a338-393239636433/63936458.webp;151990.00;;;"Цвет:Темно-синий;Память:2048;Вид сим-карты:eSim";;zlpPDryaf5n6BLO15EHN;713552657232;0;0;0;0;;;;;
910815063832;;;;;"iPhone 17 Pro Max - Темно-синий - 2048 - Sim + eSim";;;https://static.tildacdn.com/stor6138-6461-4163-a338-393239636433/63936458.webp;172990.00;;;"Цвет:Темно-синий;Память:2048;Вид сим-карты:Sim + eSim";;j04aCTdNeC00Hme6MOm0;713552657232;0;0;0;0;;;;;
263285412272;;;;;"iPhone 17 Pro Max - Оранжевый - 256 - eSim";;;https://static.tildacdn.com/stor6238-6564-4635-a661-383631323364/64693837.webp;106990.00;;;"Цвет:Оранжевый;Память:256;Вид сим-карты:eSim";;tk4PemP6z7ozY1rMCykS;713552657232;0;0;0;0;;;;;
388554276722;;;;;"iPhone 17 Pro Max - Оранжевый - 256 - Sim + eSim";;;https://static.tildacdn.com/stor6238-6564-4635-a661-383631323364/64693837.webp;113990.00;;;"Цвет:Оранжевый;Память:256;Вид сим-карты:Sim + eSim";;fPAaU5suUexstThdI8MZ;713552657232;0;0;0;0;;;;;
356916455002;;;;;"iPhone 17 Pro Max - Оранжевый - 512 - eSim";;;https://static.tildacdn.com/stor6238-6564-4635-a661-383631323364/64693837.webp;121990.00;;;"Цвет:Оранжевый;Память:512;Вид сим-карты:eSim";;c9R8nbG06C8OKUSbBdEf;713552657232;0;0;0;0;;;;;
424742423652;;;;;"iPhone 17 Pro Max - Оранжевый - 512 - Sim + eSim";;;https://static.tildacdn.com/stor6238-6564-4635-a661-383631323364/64693837.webp;131990.00;;;"Цвет:Оранжевый;Память:512;Вид сим-карты:Sim + eSim";;iuno5jZHZtOHTB14Yu4V;713552657232;0;0;0;0;;;;;
898440561022;;;;;"iPhone 17 Pro Max - Оранжевый - 1024 - eSim";;;https://static.tildacdn.com/stor6238-6564-4635-a661-383631323364/64693837.webp;137990.00;;;"Цвет:Оранжевый;Память:1024;Вид сим-карты:eSim";;ONRpnAHIUnOj4oO2GORA;713552657232;0;0;0;0;;;;;
181016037772;;;;;"iPhone 17 Pro Max - Оранжевый - 1024 - Sim + eSim";;;https://static.tildacdn.com/stor6238-6564-4635-a661-383631323364/64693837.webp;147990.00;;;"Цвет:Оранжевый;Память:1024;Вид сим-карты:Sim + eSim";;JtTAzFP9sfS1EHud0OPI;713552657232;0;0;0;0;;;;;
431535004152;;;;;"iPhone 17 Pro Max - Оранжевый - 2048 - eSim";;;https://static.tildacdn.com/stor6238-6564-4635-a661-383631323364/64693837.webp;150990.00;;;"Цвет:Оранжевый;Память:2048;Вид сим-карты:eSim";;tZtUneNGeUvt98OdYgXp;713552657232;0;0;0;0;;;;;
662540776162;;;;;"iPhone 17 Pro Max - Оранжевый - 2048 - Sim + eSim";;;https://static.tildacdn.com/stor6238-6564-4635-a661-383631323364/64693837.webp;170990.00;;;"Цвет:Оранжевый;Память:2048;Вид сим-карты:Sim + eSim";;fePN1Tz4MhdPLBfNx36O;713552657232;0;0;0;0;;;;;
288375199482;;;;iPad;"iPad 11 (2025)";;;https://static.tildacdn.com/stor6434-6431-4363-a130-363662366539/86adae05859201a55771888da07c37cd.jpg;;;;;;ejjKyik96IgReuseuXYz;;0;0;0;0;;;;;
910707440552;;;;;"iPad 11 (2025) - 128 - WIFI";;;https://static.tildacdn.com/stor6434-6431-4363-a130-363662366539/86adae05859201a55771888da07c37cd.jpg;41990.00;;;"Память:128;Подключение:WIFI";;2z1zZtStgtk1jaYHPMK2;288375199482;0;0;0;0;;;;;
194960677512;;;;;"iPad 11 (2025) - 256 - WIFI";;;https://static.tildacdn.com/stor6434-6431-4363-a130-363662366539/86adae05859201a55771888da07c37cd.jpg;51990.00;;;"Память:256;Подключение:WIFI";;0jzhtJOK9x04SF95EzZp;288375199482;0;0;0;0;;;;;
383102160492;;;;iPad;"iPad 7 mini (2024)";;;https://static.tildacdn.com/stor6562-3539-4866-b931-313930666336/5472cd4c1e58468d5ee5ccc4b2c698bf.jpg;;;;;;UvLCNrzo3bhm3tkSJbvn;;0;0;0;0;;;;;
609906684062;;;;;"iPad 7 mini (2024) - 128 - WIFI";;;https://static.tildacdn.com/stor6562-3539-4866-b931-313930666336/5472cd4c1e58468d5ee5ccc4b2c698bf.jpg;48990.00;;;"Память:128;Подключение:WIFI";;nt2mEJab2fjnnRrtx1Du;383102160492;0;0;0;0;;;;;
195381614462;;;;;"iPad 7 mini (2024) - 256 - WIFI";;;https://static.tildacdn.com/stor6562-3539-4866-b931-313930666336/5472cd4c1e58468d5ee5ccc4b2c698bf.jpg;57990.00;;;"Память:256;Подключение:WIFI";;SgF6mpnPFLAt4LMPmfYP;383102160492;0;0;0;0;;;;;
184485027982;;;;iPad;"iPad 11 Air";;;https://static.tildacdn.com/stor3831-6432-4937-b865-356464616561/8643929704a739d45f2e335ad6ee18a6.png;;;;;;1exge86GOf917Nxu5Tuy;;0;0;0;0;;;;;
380441702212;;;;;"iPad 11 Air - 2025 - M3 - 256 - WIFI";;;https://static.tildacdn.com/stor3831-6432-4937-b865-356464616561/8643929704a739d45f2e335ad6ee18a6.png;67990.00;;;"Год:2025;Процессор:M3;Память:256;Подключение:WIFI";;bD361vtUcVrCfcEhh7Fh;184485027982;0;0;0;0;;;;;
575435287922;;;;;"iPad 11 Air - 2025 - M3 - 512 - WIFI";;;https://static.tildacdn.com/stor3831-6432-4937-b865-356464616561/8643929704a739d45f2e335ad6ee18a6.png;86990.00;;;"Год:2025;Процессор:M3;Память:512;Подключение:WIFI";;MJvCcobYykV5Zmrkrivv;184485027982;0;0;0;0;;;;;
381098793502;;;;;"iPad 11 Air - 2026 - M4 - 128 - WIFI";;;https://static.tildacdn.com/stor3831-6432-4937-b865-356464616561/8643929704a739d45f2e335ad6ee18a6.png;62990.00;;;"Год:2026;Процессор:M4;Память:128;Подключение:WIFI";;tadEZcTLz2Joe9Tmnyij;184485027982;0;0;0;0;;;;;
430797828652;;;;iPad;"iPad Air 13 М4 2026";;;https://static.tildacdn.com/stor3239-3934-4364-b835-656237666661/2c9acc24f6036040aa06c2f4af533194.png;;;;;;Gcoa9gTjn1F6XSi9apj3;;0;0;0;0;;;;;
262680672382;;;;;"iPad Air 13 М4 2026 - 2026 - M4 - 128 - WIFI";;;https://static.tildacdn.com/stor3239-3934-4364-b835-656237666661/2c9acc24f6036040aa06c2f4af533194.png;71990.00;;;"Год:2026;Процессор:M4;Память:128;Подключение:WIFI";;PrK5rx9Yjj6kTSTGYefg;430797828652;0;0;0;0;;;;;
952836879282;;;;iPad;"iPad Pro 11 М5 2025";;;https://static.tildacdn.com/stor3337-6463-4366-b363-356238643432/90024645317c83a42f9f0fccd33567de.jpg;;;;;;okxSLNJNdMYyu8OJNsRY;;0;0;0;0;;;;;
722319460872;;;;;"iPad Pro 11 М5 2025 - 2025 - M5 - 256 - WIFI";;;https://static.tildacdn.com/stor3337-6463-4366-b363-356238643432/90024645317c83a42f9f0fccd33567de.jpg;98990.00;;;"Год:2025;Процессор:M5;Память:256;Подключение:WIFI";;zgxJfbbAiKBGfnAYxPYr;952836879282;0;0;0;0;;;;;
611445545092;;;;;"iPad Pro 11 М5 2025 - 2025 - M5 - 512 - WIFI";;;https://static.tildacdn.com/stor3337-6463-4366-b363-356238643432/90024645317c83a42f9f0fccd33567de.jpg;110990.00;;;"Год:2025;Процессор:M5;Память:512;Подключение:WIFI";;708r5iVXVojNlNmHpv82;952836879282;0;0;0;0;;;;;
685316913092;;;;iPad;"iPad Pro 13 М5 2025";;;https://static.tildacdn.com/stor3337-6463-4366-b363-356238643432/90024645317c83a42f9f0fccd33567de.jpg;;;;;;1vPgiYtZKRkEtaSA2FK2;;0;0;0;0;;;;;
628963262132;;;;;"iPad Pro 13 М5 2025 - 2025 - M5 - 256 - WIFI";;;https://static.tildacdn.com/stor3337-6463-4366-b363-356238643432/90024645317c83a42f9f0fccd33567de.jpg;117990.00;;;"Год:2025;Процессор:M5;Память:256;Подключение:WIFI";;jzimJ1B8cZ7B7mZoVbus;685316913092;0;0;0;0;;;;;
515678976862;;;;;"iPad Pro 13 М5 2025 - 2025 - M5 - 512 - WIFI";;;https://static.tildacdn.com/stor3337-6463-4366-b363-356238643432/90024645317c83a42f9f0fccd33567de.jpg;131990.00;;;"Год:2025;Процессор:M5;Память:512;Подключение:WIFI";;3MR4gF8Mc9zb4eiESUEp;685316913092;0;0;0;0;;;;;
899110055962;;;;Watch;"Apple Watch SE 2022";;;https://static.tildacdn.com/stor6666-3930-4565-b636-616537303165/0df35d198a3190015801a81f91f06336.jpg;;;;;;dsgJMUGfM43FY7gMkvXE;;0;0;0;0;;;;;
147709511972;;;;;"Apple Watch SE 2022 - Темная ночь - 40mm";;;https://static.tildacdn.com/stor6666-3930-4565-b636-616537303165/0df35d198a3190015801a81f91f06336.jpg;19990.00;;;"Цвет ремешка:Темная ночь;Размер:40mm";;J9plbdPnLGzeZm7O3It5;899110055962;0;0;0;0;;;;;
552477700412;;;;;"Apple Watch SE 2022 - Серебристый - 40mm";;;https://static.tildacdn.com/stor6437-3436-4263-b064-396265326137/f698b154694c8a3a2a345330536ebfcc.jpg;19990.00;;;"Цвет ремешка:Серебристый;Размер:40mm";;1EV3b2SSoSNa581xG7U0;899110055962;0;0;0;0;;;;;
689409670622;;;;;"Apple Watch SE 2022 - Сияющая звезда - 40mm";;;https://static.tildacdn.com/stor6166-6465-4433-a538-636465316365/ec0042427a94f03f46693fc4d2bcd98f.jpg;19990.00;;;"Цвет ремешка:Сияющая звезда;Размер:40mm";;DoeCf5ALddySNbinjyBA;899110055962;0;0;0;0;;;;;
981991701002;;;;;"Apple Watch SE 2022 - Темная ночь - 44mm";;;https://static.tildacdn.com/stor6666-3930-4565-b636-616537303165/0df35d198a3190015801a81f91f06336.jpg;19990.00;;;"Цвет ремешка:Темная ночь;Размер:44mm";;i48iV1rKjUhXzf70zSUD;899110055962;0;0;0;0;;;;;
137286423222;;;;;"Apple Watch SE 2022 - Серебристый - 44mm";;;https://static.tildacdn.com/stor6437-3436-4263-b064-396265326137/f698b154694c8a3a2a345330536ebfcc.jpg;19990.00;;;"Цвет ремешка:Серебристый;Размер:44mm";;1BH6mP7OBEgnytHfIO8K;899110055962;0;0;0;0;;;;;
478093798612;;;;;"Apple Watch SE 2022 - Сияющая звезда - 44mm";;;https://static.tildacdn.com/stor6166-6465-4433-a538-636465316365/ec0042427a94f03f46693fc4d2bcd98f.jpg;19990.00;;;"Цвет ремешка:Сияющая звезда;Размер:44mm";;2bxlfJpUEBastN9rs2lk;899110055962;0;0;0;0;;;;;
836472043732;;;;Watch;"Apple Watch 7-series";;;https://static.tildacdn.com/stor3064-3132-4333-b566-346330356131/10857e4eab912beabfb9f63d5d654675.jpg;;;;;;V92asNzJlCZxJ3XRJ0i8;;0;0;0;0;;;;;
408057377982;;;;;"Apple Watch 7-series - Черный - 41mm";;;https://static.tildacdn.com/stor3064-3132-4333-b566-346330356131/10857e4eab912beabfb9f63d5d654675.jpg;23990.00;;;"Цвет ремешка:Черный;Размер:41mm";;baXxNVVtEyH1ibXXZm19;836472043732;0;0;0;0;;;;;
465856763522;;;;;"Apple Watch 7-series - Белый - 41mm";;;https://static.tildacdn.com/stor3131-6266-4461-b362-346566663962/fcb4855977a23e635e45465417e10a97.jpg;23990.00;;;"Цвет ремешка:Белый;Размер:41mm";;fX609siB3IAsAYOYrSM0;836472043732;0;0;0;0;;;;;
503704541682;;;;;"Apple Watch 7-series - Красный - 41mm";;;https://static.tildacdn.com/stor3439-3636-4230-b964-336562363763/faff7591b510e8e2f649e6d6160352ae.jpg;23990.00;;;"Цвет ремешка:Красный;Размер:41mm";;Fy3S6dslCMHLr6DLtkl1;836472043732;0;0;0;0;;;;;
669788685282;;;;;"Apple Watch 7-series - Зеленый - 41mm";;;https://static.tildacdn.com/stor3839-6231-4366-a366-393733376531/14e233008038cd11126e24cb3590d856.jpg;23990.00;;;"Цвет ремешка:Зеленый;Размер:41mm";;Dtf9pODzrYtnuNtEoOfD;836472043732;0;0;0;0;;;;;
937463620632;;;;;"Apple Watch 7-series - Синий - 41mm";;;https://static.tildacdn.com/stor3137-6665-4939-b761-353638323664/30bccef3df26114382fdf6a4e91d5b77.jpg;23990.00;;;"Цвет ремешка:Синий;Размер:41mm";;i2DTbHepzvhXH2Lgu1hB;836472043732;0;0;0;0;;;;;
245695115292;;;;;"Apple Watch 7-series - Черный - 45mm";;;https://static.tildacdn.com/stor3064-3132-4333-b566-346330356131/10857e4eab912beabfb9f63d5d654675.jpg;23990.00;;;"Цвет ремешка:Черный;Размер:45mm";;A3Cx7Ga4vhrLIZ1CcGCD;836472043732;0;0;0;0;;;;;
463385794842;;;;;"Apple Watch 7-series - Белый - 45mm";;;https://static.tildacdn.com/stor3131-6266-4461-b362-346566663962/fcb4855977a23e635e45465417e10a97.jpg;23990.00;;;"Цвет ремешка:Белый;Размер:45mm";;27Fpaz5Gt5EcYi9JnyA5;836472043732;0;0;0;0;;;;;
856245656942;;;;;"Apple Watch 7-series - Красный - 45mm";;;https://static.tildacdn.com/stor3439-3636-4230-b964-336562363763/faff7591b510e8e2f649e6d6160352ae.jpg;23990.00;;;"Цвет ремешка:Красный;Размер:45mm";;pzh2DrkuhEleJUjTKzHB;836472043732;0;0;0;0;;;;;
153952277132;;;;;"Apple Watch 7-series - Зеленый - 45mm";;;https://static.tildacdn.com/stor3839-6231-4366-a366-393733376531/14e233008038cd11126e24cb3590d856.jpg;23990.00;;;"Цвет ремешка:Зеленый;Размер:45mm";;XnREK5M3HPGDrO53Aesu;836472043732;0;0;0;0;;;;;
556115181532;;;;;"Apple Watch 7-series - Синий - 45mm";;;https://static.tildacdn.com/stor3137-6665-4939-b761-353638323664/30bccef3df26114382fdf6a4e91d5b77.jpg;23990.00;;;"Цвет ремешка:Синий;Размер:45mm";;D4xYNca24cn8VdmBHBMV;836472043732;0;0;0;0;;;;;
834813202322;;;;Watch;"Apple Watch 8-series";;;https://static.tildacdn.com/stor3839-3963-4264-b035-633965353836/6ff0b56db0df925f0da49e35776a1975.jpg;;;;;;CVD0ctdUaPHhzMbx3YJJ;;0;0;0;0;;;;;
372641588832;;;;;"Apple Watch 8-series - Темная ночь - 41mm";;;https://static.tildacdn.com/stor3839-3963-4264-b035-633965353836/6ff0b56db0df925f0da49e35776a1975.jpg;25990.00;;;"Цвет ремешка:Темная ночь;Размер:41mm";;oX9T5hRMdClEPG2yuLDB;834813202322;0;0;0;0;;;;;
758380045852;;;;;"Apple Watch 8-series - Сияющая звезда - 41mm";;;https://static.tildacdn.com/stor3438-6562-4531-b038-653032336533/bf03f0a9eee375253cfa308edd47ac87.jpg;25990.00;;;"Цвет ремешка:Сияющая звезда;Размер:41mm";;3GU12RvHr77O7vp2yEsd;834813202322;0;0;0;0;;;;;
145802589762;;;;;"Apple Watch 8-series - Темная ночь - 45mm";;;https://static.tildacdn.com/stor3839-3963-4264-b035-633965353836/6ff0b56db0df925f0da49e35776a1975.jpg;25990.00;;;"Цвет ремешка:Темная ночь;Размер:45mm";;fHdXIDC1A6r3XFFXDSHo;834813202322;0;0;0;0;;;;;
175842422252;;;;;"Apple Watch 8-series - Сияющая звезда - 45mm";;;https://static.tildacdn.com/stor3438-6562-4531-b038-653032336533/bf03f0a9eee375253cfa308edd47ac87.jpg;25990.00;;;"Цвет ремешка:Сияющая звезда;Размер:45mm";;3san7rEETESCszaRFML5;834813202322;0;0;0;0;;;;;
953787633222;;;;Watch;"Apple Watch 9-series";;;https://static.tildacdn.com/stor6561-6165-4462-b231-616631643239/59fa751fd00f82b41631c991a10e728e.png;;;;;;frrzezddkCJZo7y3XDIv;;0;0;0;0;;;;;
657008848882;;;;;"Apple Watch 9-series - 41mm";;;https://static.tildacdn.com/stor6561-6165-4462-b231-616631643239/59fa751fd00f82b41631c991a10e728e.png;25990.00;;;Размер:41mm;;p6u4SjrYyirRVT4bVRKc;953787633222;0;0;0;0;;;;;
991739218872;;;;;"Apple Watch 9-series - 45mm";;;https://static.tildacdn.com/stor6561-6165-4462-b231-616631643239/59fa751fd00f82b41631c991a10e728e.png;25990.00;;;Размер:45mm;;pHjDMt8rAZi16ggHXKzo;953787633222;0;0;0;0;;;;;
399160285192;;;;Watch;"Apple Watch 10-series";;;https://static.tildacdn.com/stor3766-3666-4262-b365-623661363765/3e6bedd61d7e64646e69e92e1379c0e8.png;;;;;;xVAknb3fugb3bFl51H7a;;0;0;0;0;;;;;
419663404832;;;;;"Apple Watch 10-series - 42mm";;;https://static.tildacdn.com/stor3766-3666-4262-b365-623661363765/3e6bedd61d7e64646e69e92e1379c0e8.png;28990.00;;;Размер:42mm;;BCCJ3Pl2iGECG7UM6JEB;399160285192;0;0;0;0;;;;;
543938141632;;;;;"Apple Watch 10-series - 46mm";;;https://static.tildacdn.com/stor3766-3666-4262-b365-623661363765/3e6bedd61d7e64646e69e92e1379c0e8.png;30990.00;;;Размер:46mm;;RtHIHAfbsNYothkIdXvm;399160285192;0;0;0;0;;;;;
955426310542;;;;Watch;"Apple Watch 11-series";;;https://static.tildacdn.com/stor6263-6334-4165-a664-383733366235/08aedcd670f81dd4f0dcf74047dc653a.webp;;;;;;Y6tBsmTNl8VnCg43isl6;;0;0;0;0;;;;;
151410386902;;;;;"Apple Watch 11-series - Черный - 42mm";;;https://static.tildacdn.com/stor6263-6334-4165-a664-383733366235/08aedcd670f81dd4f0dcf74047dc653a.webp;35990.00;;;"Цвет ремешка:Черный;Размер:42mm";;jF6o51mAgaviuphMt8OG;955426310542;0;0;0;0;;;;;
812353741672;;;;;"Apple Watch 11-series - Белый - 42mm";;;https://static.tildacdn.com/stor6634-3232-4632-b262-316437666430/55496356.jpg;35990.00;;;"Цвет ремешка:Белый;Размер:42mm";;AuZNr4Dmt3JNmBCJHXPN;955426310542;0;0;0;0;;;;;
766775249602;;;;;"Apple Watch 11-series - Серый - 42mm";;;https://static.tildacdn.com/stor3739-6434-4437-b536-333365376233/16a25cfdfbfae65e2fdb41e6982b48e2.webp;35990.00;;;"Цвет ремешка:Серый;Размер:42mm";;1zgNVK5YxrvdOVB2i3Vk;955426310542;0;0;0;0;;;;;
701410399152;;;;;"Apple Watch 11-series - Черный - 46mm";;;https://static.tildacdn.com/stor6263-6334-4165-a664-383733366235/08aedcd670f81dd4f0dcf74047dc653a.webp;37990.00;;;"Цвет ремешка:Черный;Размер:46mm";;x57ks7v9ZCAtz5XJ0AyC;955426310542;0;0;0;0;;;;;
386594282932;;;;;"Apple Watch 11-series - Белый - 46mm";;;https://static.tildacdn.com/stor6634-3232-4632-b262-316437666430/55496356.jpg;37990.00;;;"Цвет ремешка:Белый;Размер:46mm";;TTb1maVDUrBcghB2pE9I;955426310542;0;0;0;0;;;;;
327796756182;;;;;"Apple Watch 11-series - Серый - 46mm";;;https://static.tildacdn.com/stor3739-6434-4437-b536-333365376233/16a25cfdfbfae65e2fdb41e6982b48e2.webp;37990.00;;;"Цвет ремешка:Серый;Размер:46mm";;ld6gHnZYHZbZA2VtP0bg;955426310542;0;0;0;0;;;;;
864219889332;;;;Watch;"Apple Watch Ultra 3";;;https://static.tildacdn.com/stor3962-3136-4735-b639-326466343337/16968245.jpg;;;;;;PVTCf8gehS5cTD3LysGN;;0;0;0;0;;;;;
641924045832;;;;;"Apple Watch Ultra 3 - Черный - 46mm";;;https://static.tildacdn.com/stor3962-3136-4735-b639-326466343337/16968245.jpg;73990.00;;;"Цвет ремешка:Черный;Размер:46mm";;SEPFbOrx9R5NBtsYGcIb;864219889332;0;0;0;0;;;;;
459314617042;;;;;"Apple Watch Ultra 3 - Синий - 46mm";;;https://static.tildacdn.com/stor3235-6461-4331-b134-316231306162/25154393.jpg;73990.00;;;"Цвет ремешка:Синий;Размер:46mm";;PcxKozDgJuyX6eehX9Fc;864219889332;0;0;0;0;;;;;
768553950752;;;;;"Apple Watch Ultra 3 - Серый - 46mm";;;https://static.tildacdn.com/stor3466-3332-4632-b765-643164313731/96190754.jpg;73990.00;;;"Цвет ремешка:Серый;Размер:46mm";;gMnCC9udlg4emg1naZEg;864219889332;0;0;0;0;;;;;
942296338432;;;;;"Apple Watch Ultra 3 - Золотистый - 46mm";;;https://static.tildacdn.com/stor3865-6134-4432-b032-306134636339/50741504.jpg;73990.00;;;"Цвет ремешка:Золотистый;Размер:46mm";;MIERZ9cvEolmxyhmFPVz;864219889332;0;0;0;0;;;;;
150593678952;;;;"iPhone 13;IPhone";"iPhone 13";;;https://static.tildacdn.com/stor3866-3362-4331-a331-623438333734/9329ab121653d51f0bdb10a5d1c1fed6.jpg;;;;;;zpabAbbG8gUfBhpKhYpj;;0;0;0;0;;;;;
355624085032;;;;;"iPhone 13 - Чёрный - 128";;;https://static.tildacdn.com/stor3866-3362-4331-a331-623438333734/9329ab121653d51f0bdb10a5d1c1fed6.jpg;39990.00;;;"Цвет:Чёрный;Память:128";;pPdYZvM4vje91k8HRgvL;150593678952;0;0;0;0;;;;;
850293141492;;;;;"iPhone 13 - Белый - 128";;;https://static.tildacdn.com/stor3333-3833-4538-a635-626663393934/50cee018ecc0853eddf5031bd9639e81.jpg;39990.00;;;"Цвет:Белый;Память:128";;8lYRvMr4KD18x5N2s4sn;150593678952;0;0;0;0;;;;;
577154803992;;;;;"iPhone 13 - Красный - 128";;;https://static.tildacdn.com/stor3061-3363-4237-b833-323264633330/794209adb15972eeb1f27e5a01d4daca.jpg;39990.00;;;"Цвет:Красный;Память:128";;9fgzHDXrC3bnzgmfZrA4;150593678952;0;0;0;0;;;;;
151011561902;;;;;"iPhone 13 - Розовый - 128";;;https://static.tildacdn.com/stor6163-3033-4866-b865-313637373930/4202a316a066b4ed14d071c7f08ab474.jpg;39990.00;;;"Цвет:Розовый;Память:128";;3EagB0rlT1V9uHhUO8De;150593678952;0;0;0;0;;;;;
592247234732;;;;;"iPhone 13 - Зеленый - 128";;;https://static.tildacdn.com/stor3434-3131-4439-b665-373663636164/1da53199c809d0d7e3ef9e9b04eb643f.jpg;39990.00;;;"Цвет:Зеленый;Память:128";;M4jtMUPbf6zJtDNO7tuf;150593678952;0;0;0;0;;;;;
751480676402;;;;;"iPhone 13 - Синий - 128";;;https://static.tildacdn.com/stor6339-6130-4732-b030-343265303462/e1defcbe1efd17a499a7a6613488f273.jpg;39990.00;;;"Цвет:Синий;Память:128";;A4m2jtX278LkLbj9YSbm;150593678952;0;0;0;0;;;;;
442095313392;;;;;"iPhone 13 - Чёрный - 256";;;https://static.tildacdn.com/stor3866-3362-4331-a331-623438333734/9329ab121653d51f0bdb10a5d1c1fed6.jpg;49990.00;;;"Цвет:Чёрный;Память:256";;JsS9OZuSxz45UuhT4gAD;150593678952;0;0;0;0;;;;;
740605713532;;;;;"iPhone 13 - Белый - 256";;;https://static.tildacdn.com/stor3333-3833-4538-a635-626663393934/50cee018ecc0853eddf5031bd9639e81.jpg;49990.00;;;"Цвет:Белый;Память:256";;RbiNle36lkSPUBPZPLuB;150593678952;0;0;0;0;;;;;
768987363122;;;;;"iPhone 13 - Красный - 256";;;https://static.tildacdn.com/stor3061-3363-4237-b833-323264633330/794209adb15972eeb1f27e5a01d4daca.jpg;49990.00;;;"Цвет:Красный;Память:256";;RJMucPRZTIfCLmdHl9IY;150593678952;0;0;0;0;;;;;
753885411422;;;;;"iPhone 13 - Розовый - 256";;;https://static.tildacdn.com/stor6163-3033-4866-b865-313637373930/4202a316a066b4ed14d071c7f08ab474.jpg;49990.00;;;"Цвет:Розовый;Память:256";;Z4Pb5P6cniYsz52o2MIE;150593678952;0;0;0;0;;;;;
205335995922;;;;;"iPhone 13 - Зеленый - 256";;;https://static.tildacdn.com/stor3434-3131-4439-b665-373663636164/1da53199c809d0d7e3ef9e9b04eb643f.jpg;49990.00;;;"Цвет:Зеленый;Память:256";;pgpyTd4e0zHGaXEHZJPp;150593678952;0;0;0;0;;;;;
117436537892;;;;;"iPhone 13 - Синий - 256";;;https://static.tildacdn.com/stor6339-6130-4732-b030-343265303462/e1defcbe1efd17a499a7a6613488f273.jpg;49990.00;;;"Цвет:Синий;Память:256";;ng7CKYeVyD1yKuagMMYh;150593678952;0;0;0;0;;;;;
931229515282;;;;"iPhone 15;IPhone";"iPhone 15";;;https://static.tildacdn.com/stor3162-6131-4536-b262-313362363965/e78bdb603b6fb8aad4aa8521df05b037.jpg;;;;;;2nBn4ToobS7cmRg1YMII;;0;0;0;0;;;;;
473609824542;;;;;"iPhone 15 - Желтый - 128";;;https://static.tildacdn.com/stor3435-6135-4463-a362-313565623066/fa9b54e88b0f7471b32f551a860e7ff1.jpg;56990.00;;;"Цвет:Желтый;Память:128";;TXadTkIBVF1HLSYgKCUG;931229515282;0;0;0;0;;;;;
176391151262;;;;;"iPhone 15 - Голубой - 128";;;https://static.tildacdn.com/stor3162-6131-4536-b262-313362363965/e78bdb603b6fb8aad4aa8521df05b037.jpg;56990.00;;;"Цвет:Голубой;Память:128";;S4tkSlAtudk93vRSjS7b;931229515282;0;0;0;0;;;;;
614679865322;;;;;"iPhone 15 - Зеленый - 128";;;https://static.tildacdn.com/stor6566-6136-4638-b034-313833343031/45da9f276c364a551cde47d1ea036589.jpg;60990.00;;;"Цвет:Зеленый;Память:128";;HcYNPcHzjGvdrAZ4OUBc;931229515282;0;0;0;0;;;;;
571791711962;;;;;"iPhone 15 - Розовый - 128";;;https://static.tildacdn.com/stor6539-3263-4561-b664-653637666263/fec5b950dfaf569589d7c0c8b1bf2e53.jpg;56990.00;;;"Цвет:Розовый;Память:128";;p0PvncU4r7bR2v7Hcj99;931229515282;0;0;0;0;;;;;
468852947132;;;;;"iPhone 15 - Желтый - 256";;;https://static.tildacdn.com/stor3435-6135-4463-a362-313565623066/fa9b54e88b0f7471b32f551a860e7ff1.jpg;66990.00;;;"Цвет:Желтый;Память:256";;ff5EAJSYGNLt8mAdHehO;931229515282;0;0;0;0;;;;;
427488357382;;;;;"iPhone 15 - Голубой - 256";;;https://static.tildacdn.com/stor3162-6131-4536-b262-313362363965/e78bdb603b6fb8aad4aa8521df05b037.jpg;66990.00;;;"Цвет:Голубой;Память:256";;fb5Es7tssgJMiuOK8ABh;931229515282;0;0;0;0;;;;;
489744623202;;;;;"iPhone 15 - Зеленый - 256";;;https://static.tildacdn.com/stor6566-6136-4638-b034-313833343031/45da9f276c364a551cde47d1ea036589.jpg;66990.00;;;"Цвет:Зеленый;Память:256";;4iSGx25rcLPx3dEDGugZ;931229515282;0;0;0;0;;;;;
943132804732;;;;;"iPhone 15 - Розовый - 256";;;https://static.tildacdn.com/stor6539-3263-4561-b664-653637666263/fec5b950dfaf569589d7c0c8b1bf2e53.jpg;66990.00;;;"Цвет:Розовый;Память:256";;199Yl0NtH6yXDRXt5Eni;931229515282;0;0;0;0;;;;;
941289114452;;;;"iPhone 15;IPhone";"iPhone 15 Plus";;;https://static.tildacdn.com/stor3131-3962-4736-a239-366430386538/cca66c28a6ee372e3764a237e9ca246a.jpg;;;;;;5L9yUkhUFe4gCxlcahXx;;0;0;0;0;;;;;
674425709262;;;;;"iPhone 15 Plus - Чёрный - 128";;;https://static.tildacdn.com/stor3131-3962-4736-a239-366430386538/cca66c28a6ee372e3764a237e9ca246a.jpg;59990.00;;;"Цвет:Чёрный;Память:128";;ffSY3Hs5DsyZZBKuIOON;941289114452;0;0;0;0;;;;;
926387136222;;;;;"iPhone 15 Plus - Голубой - 128";;;https://static.tildacdn.com/stor3162-6131-4536-b262-313362363965/e78bdb603b6fb8aad4aa8521df05b037.jpg;59990.00;;;"Цвет:Голубой;Память:128";;PUUTFKcnUHSlarkcdYVJ;941289114452;0;0;0;0;;;;;
989908717382;;;;;"iPhone 15 Plus - Зеленый - 128";;;https://static.tildacdn.com/stor6566-6136-4638-b034-313833343031/45da9f276c364a551cde47d1ea036589.jpg;59990.00;;;"Цвет:Зеленый;Память:128";;bkDu2gRP74pZTn03o6tF;941289114452;0;0;0;0;;;;;
295315167772;;;;;"iPhone 15 Plus - Розовый - 128";;;https://static.tildacdn.com/stor6539-3263-4561-b664-653637666263/fec5b950dfaf569589d7c0c8b1bf2e53.jpg;59990.00;;;"Цвет:Розовый;Память:128";;bhXMGSafV75fkjoiGb48;941289114452;0;0;0;0;;;;;
157248819432;;;;;"iPhone 15 Plus - Золото - 128";;;https://static.tildacdn.com/stor3435-6135-4463-a362-313565623066/fa9b54e88b0f7471b32f551a860e7ff1.jpg;59990.00;;;"Цвет:Золото;Память:128";;tLsjIuMDCJIL3A4MSbS6;941289114452;0;0;0;0;;;;;
918592065582;;;;;"iPhone 15 Plus - Чёрный - 256";;;https://static.tildacdn.com/stor3131-3962-4736-a239-366430386538/cca66c28a6ee372e3764a237e9ca246a.jpg;67990.00;;;"Цвет:Чёрный;Память:256";;GN9GVIy2x9K6lPjVcNeO;941289114452;0;0;0;0;;;;;
151774242712;;;;;"iPhone 15 Plus - Голубой - 256";;;https://static.tildacdn.com/stor3162-6131-4536-b262-313362363965/e78bdb603b6fb8aad4aa8521df05b037.jpg;67990.00;;;"Цвет:Голубой;Память:256";;7oTZCBZizo6Pf7T01MYp;941289114452;0;0;0;0;;;;;
317741042252;;;;;"iPhone 15 Plus - Зеленый - 256";;;https://static.tildacdn.com/stor6566-6136-4638-b034-313833343031/45da9f276c364a551cde47d1ea036589.jpg;67990.00;;;"Цвет:Зеленый;Память:256";;PBhsteaZM30t1BtC1D9m;941289114452;0;0;0;0;;;;;
318513719392;;;;;"iPhone 15 Plus - Розовый - 256";;;https://static.tildacdn.com/stor6539-3263-4561-b664-653637666263/fec5b950dfaf569589d7c0c8b1bf2e53.jpg;67990.00;;;"Цвет:Розовый;Память:256";;vyr0Y72rxlaryZTKdrX2;941289114452;0;0;0;0;;;;;
938535999962;;;;;"iPhone 15 Plus - Золото - 256";;;https://static.tildacdn.com/stor3435-6135-4463-a362-313565623066/fa9b54e88b0f7471b32f551a860e7ff1.jpg;67990.00;;;"Цвет:Золото;Память:256";;cGoB6JsNsVmu1XeB9ckk;941289114452;0;0;0;0;;;;;
942683752022;;;;"iPhone 15;IPhone";"iPhone 15 Pro Max";;;https://static.tildacdn.com/stor6130-3266-4130-b530-616238313836/64bf3a2d3e121698755718664e96fb9d.jpg;;;;;;HnMb2La9uR2OzhbBnjG5;;0;0;0;0;;;;;
396184620072;;;;;"iPhone 15 Pro Max - Чёрный - 256";;;https://static.tildacdn.com/stor6130-3266-4130-b530-616238313836/64bf3a2d3e121698755718664e96fb9d.jpg;88990.00;;;"Цвет:Чёрный;Память:256";;cc1f5PNgVZ21X6Atra10;942683752022;0;0;0;0;;;;;
396726127142;;;;;"iPhone 15 Pro Max - Белый - 256";;;https://static.tildacdn.com/stor6561-6638-4933-b263-616138366435/59c6be44ae76f51a5347140f257b54de.jpg;88990.00;;;"Цвет:Белый;Память:256";;nTCf7MOjOvU2eKmYmFgx;942683752022;0;0;0;0;;;;;
463543494422;;;;;"iPhone 15 Pro Max - Синий - 256";;;https://static.tildacdn.com/stor3837-3762-4033-b664-653166306464/213c1d0987cec84270663e69077c3f2c.jpg;89990.00;;;"Цвет:Синий;Память:256";;BUioDjbmkfV3k8PeUJ2M;942683752022;0;0;0;0;;;;;
807752831642;;;;;"iPhone 15 Pro Max - Титан - 256";;;https://static.tildacdn.com/stor6638-6538-4035-b538-326132663465/13935e6f1435b5b83f69c17402aa9cef.jpg;88990.00;;;"Цвет:Титан;Память:256";;egX8TM7OXAArAoZ1XKlY;942683752022;0;0;0;0;;;;;
626217321302;;;;;"iPhone 15 Pro Max - Чёрный - 512";;;https://static.tildacdn.com/stor6130-3266-4130-b530-616238313836/64bf3a2d3e121698755718664e96fb9d.jpg;107990.00;;;"Цвет:Чёрный;Память:512";;yetccHDa1z7sNJIrh6Ec;942683752022;0;0;0;0;;;;;
241203518182;;;;;"iPhone 15 Pro Max - Белый - 512";;;https://static.tildacdn.com/stor6561-6638-4933-b263-616138366435/59c6be44ae76f51a5347140f257b54de.jpg;107990.00;;;"Цвет:Белый;Память:512";;P1aaxVhjHCDvLMBXsGZm;942683752022;0;0;0;0;;;;;
145272153632;;;;;"iPhone 15 Pro Max - Синий - 512";;;https://static.tildacdn.com/stor3837-3762-4033-b664-653166306464/213c1d0987cec84270663e69077c3f2c.jpg;107990.00;;;"Цвет:Синий;Память:512";;MxGk5pU84IGJyAH63vu2;942683752022;0;0;0;0;;;;;
648179835842;;;;;"iPhone 15 Pro Max - Титан - 512";;;https://static.tildacdn.com/stor6638-6538-4035-b538-326132663465/13935e6f1435b5b83f69c17402aa9cef.jpg;107990.00;;;"Цвет:Титан;Память:512";;zmVh6VNBa719BmXH1oYn;942683752022;0;0;0;0;;;;;
766570254392;;;;"iPhone 14;IPhone";"iPhone 14";;;https://static.tildacdn.com/stor3462-6232-4431-a138-616164303433/1491e1d60cce37d29b18ae7b519673a1.jpg;;;;;;m6OzM1vFMvgkXR1RU4tY;;0;0;0;0;;;;;
866275764512;;;;;"iPhone 14 - Чёрный - 128";;;https://static.tildacdn.com/stor3462-6232-4431-a138-616164303433/1491e1d60cce37d29b18ae7b519673a1.jpg;46990.00;;;"Цвет:Чёрный;Память:128";;RmhHjaS4uBJbBR4tcPZP;766570254392;0;0;0;0;;;;;
523524207432;;;;;"iPhone 14 - Белый - 128";;;https://static.tildacdn.com/stor6438-6332-4734-b838-643233666266/773a038bf21eb9bb447f1e178f2a0787.jpg;46990.00;;;"Цвет:Белый;Память:128";;MpsFXDEpU9cTEX4fCu6j;766570254392;0;0;0;0;;;;;
218498921652;;;;;"iPhone 14 - Красный - 128";;;https://static.tildacdn.com/stor6466-3462-4463-a562-653462336537/0e4f08a0aaaee683c6186eb7023a3a76.jpg;46990.00;;;"Цвет:Красный;Память:128";;zIdvjjfUeiCib7sINcNK;766570254392;0;0;0;0;;;;;
860749222002;;;;;"iPhone 14 - Синий - 128";;;https://static.tildacdn.com/stor3661-3166-4336-b563-626536363838/40e4e39504d47358b5e40f78c3172fbf.jpg;46990.00;;;"Цвет:Синий;Память:128";;5COxkU8xy9mzP3FTmcdn;766570254392;0;0;0;0;;;;;
972786290242;;;;;"iPhone 14 - Фиолетовый - 128";;;https://static.tildacdn.com/stor6638-3635-4535-b332-326134633366/facf4b256c9f6e75ce80e0f753977032.jpg;46990.00;;;"Цвет:Фиолетовый;Память:128";;Dn4RbRTSxa7uez3FTEkn;766570254392;0;0;0;0;;;;;
487378663632;;;;;"iPhone 14 - Чёрный - 256";;;https://static.tildacdn.com/stor3462-6232-4431-a138-616164303433/1491e1d60cce37d29b18ae7b519673a1.jpg;51990.00;;;"Цвет:Чёрный;Память:256";;EP6g63SeiOypiVL9kJKo;766570254392;0;0;0;0;;;;;
574373097732;;;;;"iPhone 14 - Белый - 256";;;https://static.tildacdn.com/stor6438-6332-4734-b838-643233666266/773a038bf21eb9bb447f1e178f2a0787.jpg;51990.00;;;"Цвет:Белый;Память:256";;dbXZrbSuo5GUABIxyxrp;766570254392;0;0;0;0;;;;;
512916272442;;;;;"iPhone 14 - Красный - 256";;;https://static.tildacdn.com/stor6466-3462-4463-a562-653462336537/0e4f08a0aaaee683c6186eb7023a3a76.jpg;51990.00;;;"Цвет:Красный;Память:256";;28ECOYhYF06idIEAhLY5;766570254392;0;0;0;0;;;;;
157616361012;;;;;"iPhone 14 - Синий - 256";;;https://static.tildacdn.com/stor3661-3166-4336-b563-626536363838/40e4e39504d47358b5e40f78c3172fbf.jpg;51990.00;;;"Цвет:Синий;Память:256";;R4MyFoKCiehCdX5f9veG;766570254392;0;0;0;0;;;;;
365591607922;;;;;"iPhone 14 - Фиолетовый - 256";;;https://static.tildacdn.com/stor6638-3635-4535-b332-326134633366/facf4b256c9f6e75ce80e0f753977032.jpg;51990.00;;;"Цвет:Фиолетовый;Память:256";;cd4Dl15i9PorlcxDXMvv;766570254392;0;0;0;0;;;;;
180965050822;;;;"iPhone 16;IPhone";"iPhone 16";;;https://static.tildacdn.com/stor3734-6536-4634-a639-626135353637/3f1310c4e6e5b192e9ff745360ac0397.jpg;;;;;;FSBZKLOV9EadIf6AkOGH;;0;0;0;0;;;;;
145430379652;;;;;"iPhone 16 - Чёрный - 128";;;https://static.tildacdn.com/stor3734-6536-4634-a639-626135353637/3f1310c4e6e5b192e9ff745360ac0397.jpg;61990.00;;;"Цвет:Чёрный;Память:128";;omxh5p2ufTKCOj3DSyoG;180965050822;0;0;0;0;;;;;
487855470292;;;;;"iPhone 16 - Белый - 128";;;https://static.tildacdn.com/stor6132-3931-4430-b539-626532326330/80517f0abfba3dd478dee3e295ea3125.jpg;67990.00;;;"Цвет:Белый;Память:128";;4PrmuFtoN5bls6Zc0pkO;180965050822;0;0;0;0;;;;;
896191246902;;;;;"iPhone 16 - Розовый - 128";;;https://static.tildacdn.com/stor3439-6136-4236-b134-323566623366/b485eaa9993613d8fd3aa725270fa954.jpg;66990.00;;;"Цвет:Розовый;Память:128";;UHMSNyVb2DbxYzo45RD9;180965050822;0;0;0;0;;;;;
942009357332;;;;;"iPhone 16 - Темно-синий - 128";;;https://static.tildacdn.com/stor6237-3831-4634-a539-616330643830/f324ea267858d0174d82cb2647906ea6.jpg;66990.00;;;"Цвет:Темно-синий;Память:128";;cbj2kbgYJuMH6okHBeuH;180965050822;0;0;0;0;;;;;
859602102712;;;;;"iPhone 16 - Зеленый - 128";;;https://static.tildacdn.com/stor3463-6462-4430-b231-613034323732/0fbe479c57729b9f267299bcf6f7ab62.jpg;65990.00;;;"Цвет:Зеленый;Память:128";;XE2ti9VnzzvsFcgfu04U;180965050822;0;0;0;0;;;;;
604553322702;;;;;"iPhone 16 - Чёрный - 256";;;https://static.tildacdn.com/stor3734-6536-4634-a639-626135353637/3f1310c4e6e5b192e9ff745360ac0397.jpg;71990.00;;;"Цвет:Чёрный;Память:256";;61ODCDAlhahL99jAZ2Lb;180965050822;0;0;0;0;;;;;
818210677842;;;;;"iPhone 16 - Белый - 256";;;https://static.tildacdn.com/stor6132-3931-4430-b539-626532326330/80517f0abfba3dd478dee3e295ea3125.jpg;74990.00;;;"Цвет:Белый;Память:256";;28XIdJf0T2l9e9sz3FCu;180965050822;0;0;0;0;;;;;
381027746142;;;;;"iPhone 16 - Розовый - 256";;;https://static.tildacdn.com/stor3439-6136-4236-b134-323566623366/b485eaa9993613d8fd3aa725270fa954.jpg;72990.00;;;"Цвет:Розовый;Память:256";;sgZJPTVz5mA29ULgIipn;180965050822;0;0;0;0;;;;;
906966329282;;;;;"iPhone 16 - Темно-синий - 256";;;https://static.tildacdn.com/stor3463-6462-4430-b231-613034323732/0fbe479c57729b9f267299bcf6f7ab62.jpg;72990.00;;;"Цвет:Темно-синий;Память:256";;grHbSHf9Ev4YhsagSLU6;180965050822;0;0;0;0;;;;;
186610553332;;;;;"iPhone 16 - Чёрный - 512";;;https://static.tildacdn.com/stor3734-6536-4634-a639-626135353637/3f1310c4e6e5b192e9ff745360ac0397.jpg;85990.00;;;"Цвет:Чёрный;Память:512";;8ZxMgOJIbZHtIyzEYnfD;180965050822;0;0;0;0;;;;;
487719193492;;;;;"iPhone 16 - Белый - 512";;;https://static.tildacdn.com/stor6132-3931-4430-b539-626532326330/80517f0abfba3dd478dee3e295ea3125.jpg;85990.00;;;"Цвет:Белый;Память:512";;fxvbHD8MXX7trEkBitUL;180965050822;0;0;0;0;;;;;
328910273352;;;;;"iPhone 16 - Розовый - 512";;;https://static.tildacdn.com/stor3439-6136-4236-b134-323566623366/b485eaa9993613d8fd3aa725270fa954.jpg;84990.00;;;"Цвет:Розовый;Память:512";;7cICDcbr8JpDtjaLfpdk;180965050822;0;0;0;0;;;;;
597810731382;;;;;"iPhone 16 - Темно-синий - 512";;;https://static.tildacdn.com/stor3463-6462-4430-b231-613034323732/0fbe479c57729b9f267299bcf6f7ab62.jpg;85990.00;;;"Цвет:Темно-синий;Память:512";;2YMKrsEFUirmfaHJKx3v;180965050822;0;0;0;0;;;;;
407539956022;;;;"iPhone 16;IPhone";"iPhone 16e";;;https://static.tildacdn.com/stor3237-3832-4632-b534-613633633139/6262a3368676d8a0e16b736a3398a700.png;;;;;;eDNgD6M82HDhbMfDUB7B;;0;0;0;0;;;;;
352847039882;;;;;"iPhone 16e - Чёрный - 128";;;https://static.tildacdn.com/stor3237-3832-4632-b534-613633633139/6262a3368676d8a0e16b736a3398a700.png;48990.00;;;"Цвет:Чёрный;Память:128";;cl2DV97ZRPivi5llURvc;407539956022;0;0;0;0;;;;;
188514283442;;;;;"iPhone 16e - Чёрный - 256";;;https://static.tildacdn.com/stor3237-3832-4632-b534-613633633139/6262a3368676d8a0e16b736a3398a700.png;62990.00;;;"Цвет:Чёрный;Память:256";;Cbf5NMYihhhb8JTdskTx;407539956022;0;0;0;0;;;;;
962624519812;;;;"iPhone 16;IPhone";"iPhone 16 Pro";;;https://static.tildacdn.com/stor6266-3134-4461-b761-383538633234/35e050645cedbbcfbe36ddaf11f29846.jpg;;;;;;2zjAS4yPo28AnUC8T0tL;;0;0;0;0;;;;;
445707321252;;;;;"iPhone 16 Pro - Чёрный - 128";;;https://static.tildacdn.com/stor6266-3134-4461-b761-383538633234/35e050645cedbbcfbe36ddaf11f29846.jpg;91990.00;;;"Цвет:Чёрный;Память:128";;08kZCy4oMxDPMugNvsye;962624519812;0;0;0;0;;;;;
352548550692;;;;;"iPhone 16 Pro - Белый - 128";;;https://static.tildacdn.com/stor3535-3730-4466-b632-383765613139/3fc56b038d46c536837d615e819a79c5.jpg;91990.00;;;"Цвет:Белый;Память:128";;XNSM4gKVG2UPsgClCle8;962624519812;0;0;0;0;;;;;
739870515042;;;;;"iPhone 16 Pro - Коричневый - 128";;;https://static.tildacdn.com/stor3932-6136-4430-a236-633036656662/1813246c1c7b16f26f169d9e2b8b5c8a.jpg;91990.00;;;"Цвет:Коричневый;Память:128";;E1cJDmh5B1ZFZBZ8hEAy;962624519812;0;0;0;0;;;;;
549193317882;;;;;"iPhone 16 Pro - Титан - 128";;;https://static.tildacdn.com/stor3466-6336-4564-a635-343930316633/1e1e51bb045f2787d25911438ed1752c.jpg;91990.00;;;"Цвет:Титан;Память:128";;jHy4hXv2th9I2V2Jg9b9;962624519812;0;0;0;0;;;;;
177198158452;;;;;"iPhone 16 Pro - Чёрный - 256";;;https://static.tildacdn.com/stor6266-3134-4461-b761-383538633234/35e050645cedbbcfbe36ddaf11f29846.jpg;101990.00;;;"Цвет:Чёрный;Память:256";;6e9PIl7jSboG0XLGVHob;962624519812;0;0;0;0;;;;;
491815256822;;;;;"iPhone 16 Pro - Белый - 256";;;https://static.tildacdn.com/stor3535-3730-4466-b632-383765613139/3fc56b038d46c536837d615e819a79c5.jpg;101990.00;;;"Цвет:Белый;Память:256";;afztcjvSz7gp9l5g6iK6;962624519812;0;0;0;0;;;;;
790520064282;;;;;"iPhone 16 Pro - Коричневый - 256";;;https://static.tildacdn.com/stor3932-6136-4430-a236-633036656662/1813246c1c7b16f26f169d9e2b8b5c8a.jpg;101990.00;;;"Цвет:Коричневый;Память:256";;9jYD0rcO6rSD3pCaPEao;962624519812;0;0;0;0;;;;;
109774473662;;;;;"iPhone 16 Pro - Титан - 256";;;https://static.tildacdn.com/stor3466-6336-4564-a635-343930316633/1e1e51bb045f2787d25911438ed1752c.jpg;101990.00;;;"Цвет:Титан;Память:256";;xnjUYgV0uGuEHeV9X6Dk;962624519812;0;0;0;0;;;;;
377069102232;;;;;"iPhone 16 Pro - Чёрный - 512";;;https://static.tildacdn.com/stor6266-3134-4461-b761-383538633234/35e050645cedbbcfbe36ddaf11f29846.jpg;122990.00;;;"Цвет:Чёрный;Память:512";;kRF4aKKjoI3GA28Yeajz;962624519812;0;0;0;0;;;;;
693290907852;;;;;"iPhone 16 Pro - Белый - 512";;;https://static.tildacdn.com/stor3535-3730-4466-b632-383765613139/3fc56b038d46c536837d615e819a79c5.jpg;122990.00;;;"Цвет:Белый;Память:512";;iot83MrNh7bz2a2NB8jz;962624519812;0;0;0;0;;;;;
769257763512;;;;;"iPhone 16 Pro - Коричневый - 512";;;https://static.tildacdn.com/stor3932-6136-4430-a236-633036656662/1813246c1c7b16f26f169d9e2b8b5c8a.jpg;122990.00;;;"Цвет:Коричневый;Память:512";;5xv4FNDfZe1noe9VcSgG;962624519812;0;0;0;0;;;;;
455652966422;;;;;"iPhone 16 Pro - Титан - 512";;;https://static.tildacdn.com/stor3466-6336-4564-a635-343930316633/1e1e51bb045f2787d25911438ed1752c.jpg;122990.00;;;"Цвет:Титан;Память:512";;XVJMJ27lx9oBPDjIBY3s;962624519812;0;0;0;0;;;;;
144631823492;;;;;"iPhone 16 Pro - Чёрный - 1024";;;https://static.tildacdn.com/stor6266-3134-4461-b761-383538633234/35e050645cedbbcfbe36ddaf11f29846.jpg;121990.00;;;"Цвет:Чёрный;Память:1024";;HeJAXbHeZFcF6cDY0F4D;962624519812;0;0;0;0;;;;;
845901187792;;;;;"iPhone 16 Pro - Белый - 1024";;;https://static.tildacdn.com/stor3535-3730-4466-b632-383765613139/3fc56b038d46c536837d615e819a79c5.jpg;121990.00;;;"Цвет:Белый;Память:1024";;S4btPVlhKnPFcjn6Lmah;962624519812;0;0;0;0;;;;;
752951959062;;;;;"iPhone 16 Pro - Коричневый - 1024";;;https://static.tildacdn.com/stor3932-6136-4430-a236-633036656662/1813246c1c7b16f26f169d9e2b8b5c8a.jpg;121990.00;;;"Цвет:Коричневый;Память:1024";;AvNcxBFbvUkx2RDuvdct;962624519812;0;0;0;0;;;;;
174645447082;;;;;"iPhone 16 Pro - Титан - 1024";;;https://static.tildacdn.com/stor3466-6336-4564-a635-343930316633/1e1e51bb045f2787d25911438ed1752c.jpg;121990.00;;;"Цвет:Титан;Память:1024";;GgrsTFYBuVfY9Ou2Mijc;962624519812;0;0;0;0;;;;;
948290555412;;;;"iPhone 16;IPhone";"iPhone 16 Pro Max";;;https://static.tildacdn.com/stor6266-3134-4461-b761-383538633234/35e050645cedbbcfbe36ddaf11f29846.jpg;;;;;;31cvCTL80pifni92PFHS;;0;0;0;0;;;;;
652312858592;;;;;"iPhone 16 Pro Max - Чёрный - 256";;;https://static.tildacdn.com/stor6266-3134-4461-b761-383538633234/35e050645cedbbcfbe36ddaf11f29846.jpg;114990.00;;;"Цвет:Чёрный;Память:256";;LjcLdjasxLrrJnZYAYdh;948290555412;0;0;0;0;;;;;
459810276702;;;;;"iPhone 16 Pro Max - Белый - 256";;;https://static.tildacdn.com/stor3535-3730-4466-b632-383765613139/3fc56b038d46c536837d615e819a79c5.jpg;114990.00;;;"Цвет:Белый;Память:256";;xHioPzaH7MrYyKo3obzN;948290555412;0;0;0;0;;;;;
255997160182;;;;;"iPhone 16 Pro Max - Коричневый - 256";;;https://static.tildacdn.com/stor3932-6136-4430-a236-633036656662/1813246c1c7b16f26f169d9e2b8b5c8a.jpg;98990.00;;;"Цвет:Коричневый;Память:256";;uHNYvCD2d8MXNjpufkgs;948290555412;0;0;0;0;;;;;
201612853902;;;;;"iPhone 16 Pro Max - Титан - 256";;;https://static.tildacdn.com/stor3466-6336-4564-a635-343930316633/1e1e51bb045f2787d25911438ed1752c.jpg;102990.00;;;"Цвет:Титан;Память:256";;Nb5em7Ku78x8p5sp2PL9;948290555412;0;0;0;0;;;;;
165338032352;;;;;"iPhone 16 Pro Max - Чёрный - 512";;;https://static.tildacdn.com/stor6266-3134-4461-b761-383538633234/35e050645cedbbcfbe36ddaf11f29846.jpg;121990.00;;;"Цвет:Чёрный;Память:512";;oR5vsDseZvlTeiscDfSD;948290555412;0;0;0;0;;;;;
692143422332;;;;;"iPhone 16 Pro Max - Белый - 512";;;https://static.tildacdn.com/stor3535-3730-4466-b632-383765613139/3fc56b038d46c536837d615e819a79c5.jpg;120990.00;;;"Цвет:Белый;Память:512";;czciN9xm1GDsstDi2R7P;948290555412;0;0;0;0;;;;;
111736371502;;;;;"iPhone 16 Pro Max - Коричневый - 512";;;https://static.tildacdn.com/stor3932-6136-4430-a236-633036656662/1813246c1c7b16f26f169d9e2b8b5c8a.jpg;118990.00;;;"Цвет:Коричневый;Память:512";;xumgdJiPKU79XlkHMxcx;948290555412;0;0;0;0;;;;;
283256460842;;;;;"iPhone 16 Pro Max - Титан - 512";;;https://static.tildacdn.com/stor3466-6336-4564-a635-343930316633/1e1e51bb045f2787d25911438ed1752c.jpg;118990.00;;;"Цвет:Титан;Память:512";;yVVe998SfCLCme0oE1oV;948290555412;0;0;0;0;;;;;
918846919882;;;;;"iPhone 16 Pro Max - Чёрный - 1024";;;https://static.tildacdn.com/stor6266-3134-4461-b761-383538633234/35e050645cedbbcfbe36ddaf11f29846.jpg;126990.00;;;"Цвет:Чёрный;Память:1024";;AvOt3ZU1vYkeeNcey7r9;948290555412;0;0;0;0;;;;;
477913933232;;;;;"iPhone 16 Pro Max - Белый - 1024";;;https://static.tildacdn.com/stor3535-3730-4466-b632-383765613139/3fc56b038d46c536837d615e819a79c5.jpg;127990.00;;;"Цвет:Белый;Память:1024";;toTmaBJ3ulviYMlYZJJM;948290555412;0;0;0;0;;;;;
808527319092;;;;;"iPhone 16 Pro Max - Коричневый - 1024";;;https://static.tildacdn.com/stor3932-6136-4430-a236-633036656662/1813246c1c7b16f26f169d9e2b8b5c8a.jpg;125990.00;;;"Цвет:Коричневый;Память:1024";;eJgGm9zH9jcFXEthB4Xe;948290555412;0;0;0;0;;;;;
137143223492;;;;;"iPhone 16 Pro Max - Титан - 1024";;;https://static.tildacdn.com/stor3466-6336-4564-a635-343930316633/1e1e51bb045f2787d25911438ed1752c.jpg;126990.00;;;"Цвет:Титан;Память:1024";;5xGJS7jCInJf2pAOmY0H;948290555412;0;0;0;0;;;;;
519866545132;;;;MacBook;"MacBook Air М5 2026";;;https://static.tildacdn.com/stor3762-6164-4230-b234-636139663039/e6dbfe0e38488e74a9667b2e0d33b7c3.jpg;;;;;;YlDSaONhiX6131SrG1rt;;0;0;0;0;;;;;
432302082032;;;;;"MacBook Air М5 2026 - Чёрный - 14'' - 256";;;https://static.tildacdn.com/stor3762-6164-4230-b234-636139663039/e6dbfe0e38488e74a9667b2e0d33b7c3.jpg;95990.00;;;"Цвет:Чёрный;Размер дисплея:14'';Память:256";;PRl8HV0ba1ihM41SDAvP;519866545132;0;0;0;0;;;;;
651602492282;;;;;"MacBook Air М5 2026 - Белый - 14'' - 256";;;https://static.tildacdn.com/stor6330-3633-4662-b034-373962666665/e119d9dcc29a156fcbd6e8bdb610a1ed.jpg;95990.00;;;"Цвет:Белый;Размер дисплея:14'';Память:256";;35FN8unReby5pFyDaNIO;519866545132;0;0;0;0;;;;;
843809274212;;;;;"MacBook Air М5 2026 - Золото - 14'' - 256";;;https://static.tildacdn.com/stor3232-3166-4437-a361-613030396132/f27859a7d62cdccbf642ccd6a8f2a7f8.jpg;95990.00;;;"Цвет:Золото;Размер дисплея:14'';Память:256";;CO9A4x5KEAnCTOUcGNmL;519866545132;0;0;0;0;;;;;
486565727932;;;;;"MacBook Air М5 2026 - Титан - 14'' - 256";;;https://static.tildacdn.com/stor3663-6161-4363-a137-333635326662/a0251b475179b5f5de9c84aab2976d5c.jpg;95990.00;;;"Цвет:Титан;Размер дисплея:14'';Память:256";;vub8it4GFIyf9TMdfygc;519866545132;0;0;0;0;;;;;
134402403702;;;;;"MacBook Air М5 2026 - Чёрный - 14'' - 512";;;https://static.tildacdn.com/stor3762-6164-4230-b234-636139663039/e6dbfe0e38488e74a9667b2e0d33b7c3.jpg;140990.00;;;"Цвет:Чёрный;Размер дисплея:14'';Память:512";;sOMG2T8014gB2jLVn1hh;519866545132;0;0;0;0;;;;;
930912539292;;;;;"MacBook Air М5 2026 - Белый - 14'' - 512";;;https://static.tildacdn.com/stor6330-3633-4662-b034-373962666665/e119d9dcc29a156fcbd6e8bdb610a1ed.jpg;140990.00;;;"Цвет:Белый;Размер дисплея:14'';Память:512";;ok1lsSLk9ogKv37OTyIE;519866545132;0;0;0;0;;;;;
645749377472;;;;;"MacBook Air М5 2026 - Золото - 14'' - 512";;;https://static.tildacdn.com/stor3232-3166-4437-a361-613030396132/f27859a7d62cdccbf642ccd6a8f2a7f8.jpg;140990.00;;;"Цвет:Золото;Размер дисплея:14'';Память:512";;YLmgr1t0BCA1eF0DVfOt;519866545132;0;0;0;0;;;;;
265115625352;;;;;"MacBook Air М5 2026 - Титан - 14'' - 512";;;https://static.tildacdn.com/stor3663-6161-4363-a137-333635326662/a0251b475179b5f5de9c84aab2976d5c.jpg;140990.00;;;"Цвет:Титан;Размер дисплея:14'';Память:512";;n5ooLyJcn34h5c2ayo68;519866545132;0;0;0;0;;;;;
636716662832;;;;;"MacBook Air М5 2026 - Чёрный - 15'' - 256";;;https://static.tildacdn.com/stor3762-6164-4230-b234-636139663039/e6dbfe0e38488e74a9667b2e0d33b7c3.jpg;125990.00;;;"Цвет:Чёрный;Размер дисплея:15'';Память:256";;j6ZAAXCDsBDfCVxBk62Z;519866545132;0;0;0;0;;;;;
297492459022;;;;;"MacBook Air М5 2026 - Белый - 15'' - 256";;;https://static.tildacdn.com/stor6330-3633-4662-b034-373962666665/e119d9dcc29a156fcbd6e8bdb610a1ed.jpg;125990.00;;;"Цвет:Белый;Размер дисплея:15'';Память:256";;1DJTTrvNLtLyh0uf9k7h;519866545132;0;0;0;0;;;;;
364094141902;;;;;"MacBook Air М5 2026 - Золото - 15'' - 256";;;https://static.tildacdn.com/stor3232-3166-4437-a361-613030396132/f27859a7d62cdccbf642ccd6a8f2a7f8.jpg;125990.00;;;"Цвет:Золото;Размер дисплея:15'';Память:256";;GimSShEnylkac2zSZ69i;519866545132;0;0;0;0;;;;;
772346962742;;;;;"MacBook Air М5 2026 - Титан - 15'' - 256";;;https://static.tildacdn.com/stor3663-6161-4363-a137-333635326662/a0251b475179b5f5de9c84aab2976d5c.jpg;125990.00;;;"Цвет:Титан;Размер дисплея:15'';Память:256";;KzgGhzhafuKzyRAHJZ8r;519866545132;0;0;0;0;;;;;
514535096512;;;;;"MacBook Air М5 2026 - Чёрный - 15'' - 512";;;https://static.tildacdn.com/stor3762-6164-4230-b234-636139663039/e6dbfe0e38488e74a9667b2e0d33b7c3.jpg;140990.00;;;"Цвет:Чёрный;Размер дисплея:15'';Память:512";;O0VFXOVBbXoOB1D24FkU;519866545132;0;0;0;0;;;;;
957660104032;;;;;"MacBook Air М5 2026 - Белый - 15'' - 512";;;https://static.tildacdn.com/stor6330-3633-4662-b034-373962666665/e119d9dcc29a156fcbd6e8bdb610a1ed.jpg;140990.00;;;"Цвет:Белый;Размер дисплея:15'';Память:512";;Y6CvTtMrEFh78B3Smu8y;519866545132;0;0;0;0;;;;;
411303658932;;;;;"MacBook Air М5 2026 - Золото - 15'' - 512";;;https://static.tildacdn.com/stor3232-3166-4437-a361-613030396132/f27859a7d62cdccbf642ccd6a8f2a7f8.jpg;140990.00;;;"Цвет:Золото;Размер дисплея:15'';Память:512";;aPmIxVDkCl2Kc0pSS8gs;519866545132;0;0;0;0;;;;;
730723680272;;;;;"MacBook Air М5 2026 - Титан - 15'' - 512";;;https://static.tildacdn.com/stor3663-6161-4363-a137-333635326662/a0251b475179b5f5de9c84aab2976d5c.jpg;140990.00;;;"Цвет:Титан;Размер дисплея:15'';Память:512";;dMMuzeJyxC80gRy6yJpj;519866545132;0;0;0;0;;;;;
939555730682;;;;MacBook;"MacBook Air M3 Pro";;;https://static.tildacdn.com/stor6664-3334-4938-a331-643261363230/032a3bf5b8885eef52f29611158aeb8d.png;;;;;;pDh6M57tvOvDNYezPnuH;;0;0;0;0;;;;;
939665759952;;;;;"MacBook Air M3 Pro - Чёрный - 14'' - 512";;;https://static.tildacdn.com/stor6664-3334-4938-a331-643261363230/032a3bf5b8885eef52f29611158aeb8d.png;161990.00;;;"Цвет:Чёрный;Размер дисплея:14'';Память:512";;8Pvd191vHSYzuAgDr6aM;939555730682;0;0;0;0;;;;;
420973721742;;;;;"MacBook Air M3 Pro - Белый - 14'' - 512";;;https://static.tildacdn.com/stor3363-6433-4535-b464-636638383730/7c1479b0b531dc6f52071ef66a151a94.png;160990.00;;;"Цвет:Белый;Размер дисплея:14'';Память:512";;IeJgGM0Ke6ZpLsxv3N5Y;939555730682;0;0;0;0;;;;;
677739299462;;;;;"MacBook Air M3 Pro - Чёрный - 14'' - 1024";;;https://static.tildacdn.com/stor3363-6433-4535-b464-636638383730/7c1479b0b531dc6f52071ef66a151a94.png;185990.00;;;"Цвет:Чёрный;Размер дисплея:14'';Память:1024";;NrLGCtyH1bzy9SiN5S6Z;939555730682;0;0;0;0;;;;;
586233888502;;;;;"MacBook Air M3 Pro - Белый - 14'' - 1024";;;https://static.tildacdn.com/stor3363-6433-4535-b464-636638383730/7c1479b0b531dc6f52071ef66a151a94.png;185990.00;;;"Цвет:Белый;Размер дисплея:14'';Память:1024";;b4JjJcoZcg2bYDCIcuL2;939555730682;0;0;0;0;;;;;
708094497372;;;;;"MacBook Air M3 Pro - Чёрный - 16'' - 1024";;;https://static.tildacdn.com/stor3363-6433-4535-b464-636638383730/7c1479b0b531dc6f52071ef66a151a94.png;0;;;"Цвет:Чёрный;Размер дисплея:16'';Память:1024";;e3KuDEUkbpDOTTmPlRz4;939555730682;0;0;0;0;;;;;
998923651102;;;;;"MacBook Air M3 Pro - Белый - 16'' - 1024";;;https://static.tildacdn.com/stor3363-6433-4535-b464-636638383730/7c1479b0b531dc6f52071ef66a151a94.png;0;;;"Цвет:Белый;Размер дисплея:16'';Память:1024";;CN249hx2DDt45IUFYGYV;939555730682;0;0;0;0;;;;;
768440913922;;;;Samsung;"Samsung S25";;;https://static.tildacdn.com/stor3232-6334-4330-a639-633538323539/2f0b29b7d56c8e83c61b60ec5661bf18.png;;;;;;rSuHykRoZe03yRvstGrE;;0;0;0;0;;;;;
840637730322;;;;;"Samsung S25 - 12/256";;;https://static.tildacdn.com/stor3232-6334-4330-a639-633538323539/2f0b29b7d56c8e83c61b60ec5661bf18.png;52990.00;;;Память:12/256;;gisDNOhf90yTJpAHKIt9;768440913922;0;0;0;0;;;;;
241556954132;;;;;"Samsung S25 - 12/512";;;https://static.tildacdn.com/stor3232-6334-4330-a639-633538323539/2f0b29b7d56c8e83c61b60ec5661bf18.png;59990.00;;;Память:12/512;;2AepV8A4utaTsiMSTfAh;768440913922;0;0;0;0;;;;;
845857052432;;;;Samsung;"Samsung S25 Ultra";;;https://static.tildacdn.com/stor6162-6163-4737-a361-653363336165/a38d6301af1b3ec49188f385bc5954ba.png;;;;;;CfeY76CBBlZpByvGpYFp;;0;0;0;0;;;;;
604818682782;;;;;"Samsung S25 Ultra - 12/512";;;https://static.tildacdn.com/stor6162-6163-4737-a361-653363336165/a38d6301af1b3ec49188f385bc5954ba.png;77990.00;;;Память:12/512;;kgpMLP2BfUJXXcjdfKMC;845857052432;0;0;0;0;;;;;
429746260372;;;;Xiaomi;"Xiaomi Redmi 12";;;https://static.tildacdn.com/stor3132-6565-4233-b766-383561643336/d5360b80167bb77b2359a5bdfd26092a.png;;;;;;k6y1cU4e7CiyD4khkotn;;0;0;0;0;;;;;
566280418312;;;;;"Xiaomi Redmi 12 - Чёрный - 5G - 8/128";;;https://static.tildacdn.com/stor3165-6439-4131-a530-313863303565/0297c75fc5e31969c657b9ff101ea405.png;26990.00;;;"Цвет:Чёрный;Сеть:5G;Память:8/128";;ZsMk04HbkzXAX8GYezeu;429746260372;0;0;0;0;;;;;
550772064592;;;;;"Xiaomi Redmi 12 - Белый - 5G - 8/128";;;https://static.tildacdn.com/stor3465-6561-4636-b865-323064663036/d7c3eba84e38173c03904964092a594f.png;26990.00;;;"Цвет:Белый;Сеть:5G;Память:8/128";;BIP6RGa854DEuD73OI3f;429746260372;0;0;0;0;;;;;
779546403912;;;;;"Xiaomi Redmi 12 - Голубой - 5G - 8/128";;;https://static.tildacdn.com/stor3132-6565-4233-b766-383561643336/d5360b80167bb77b2359a5bdfd26092a.png;26990.00;;;"Цвет:Голубой;Сеть:5G;Память:8/128";;tL5c0fypBUeZ3894T67f;429746260372;0;0;0;0;;;;;
491531659232;;;;;"Xiaomi Redmi 12 - Чёрный - 5G - 8/256";;;https://static.tildacdn.com/stor3165-6439-4131-a530-313863303565/0297c75fc5e31969c657b9ff101ea405.png;28990.00;;;"Цвет:Чёрный;Сеть:5G;Память:8/256";;RLSpY2BYRjBRLytPkH0r;429746260372;0;0;0;0;;;;;
628801038392;;;;;"Xiaomi Redmi 12 - Белый - 5G - 8/256";;;https://static.tildacdn.com/stor3465-6561-4636-b865-323064663036/d7c3eba84e38173c03904964092a594f.png;28990.00;;;"Цвет:Белый;Сеть:5G;Память:8/256";;KeRTBETGfXa8tbxvaer5;429746260372;0;0;0;0;;;;;
596426294452;;;;;"Xiaomi Redmi 12 - Голубой - 5G - 8/256";;;https://static.tildacdn.com/stor3132-6565-4233-b766-383561643336/d5360b80167bb77b2359a5bdfd26092a.png;28990.00;;;"Цвет:Голубой;Сеть:5G;Память:8/256";;p3sjkUDNyAVKBjsX0OC0;429746260372;0;0;0;0;;;;;
249475232992;;;;Xiaomi;"Xiaomi Redmi 13T";;;https://static.tildacdn.com/stor3364-6136-4337-b536-343139336331/41a9271dc870f4208480babe4cbc9e82.png;;;;;;Ig4rI6buGvBernCIs0iX;;0;0;0;0;;;;;
405858197452;;;;;"Xiaomi Redmi 13T - Чёрный - 5G - 8/256";;;https://static.tildacdn.com/stor3463-3832-4634-a435-646238343831/b8c23930e5a6c4c817852d0703202744.png;38990.00;;;"Цвет:Чёрный;Сеть:5G;Память:8/256";;NCPeDmeJ6veevf8pR5MC;249475232992;0;0;0;0;;;;;
455367667482;;;;;"Xiaomi Redmi 13T - Синий - 5G - 8/256";;;https://static.tildacdn.com/stor3364-6136-4337-b536-343139336331/41a9271dc870f4208480babe4cbc9e82.png;38990.00;;;"Цвет:Синий;Сеть:5G;Память:8/256";;xnn7X3aBZ34aAm0s4IoM;249475232992;0;0;0;0;;;;;
380585551712;;;;;"Xiaomi Redmi 13T - Зеленый - 5G - 8/256";;;https://static.tildacdn.com/stor6163-6661-4238-a139-656631303064/f8d56bc8044beac6342378a1e745d6ff.png;38990.00;;;"Цвет:Зеленый;Сеть:5G;Память:8/256";;fIvt6vLTayG3U8Hs2yd9;249475232992;0;0;0;0;;;;;
865488435842;;;;Xiaomi;"Xiaomi Redmi 14";;;https://static.tildacdn.com/stor6465-3833-4736-b432-316266346139/806789811ab2c886f8152d5faa9df0b7.png;;;;;;MXb18e7NvSU8u1on26gT;;0;0;0;0;;;;;
292451041702;;;;;"Xiaomi Redmi 14 - Чёрный - 5G - 12/512";;;https://static.tildacdn.com/stor6136-6334-4234-b430-666439313138/bf25337df878dbdf266cf33065378ff6.png;72990.00;;;"Цвет:Чёрный;Сеть:5G;Память:12/512";;rxLUyf83FXIpzsn01OAx;865488435842;0;0;0;0;;;;;
164225380052;;;;;"Xiaomi Redmi 14 - Белый - 5G - 12/512";;;https://static.tildacdn.com/stor6465-3833-4736-b432-316266346139/806789811ab2c886f8152d5faa9df0b7.png;72990.00;;;"Цвет:Белый;Сеть:5G;Память:12/512";;jL7Y6pmuAFT6oZuBzkz3;865488435842;0;0;0;0;;;;;
626068818932;;;;;"Xiaomi Redmi 14 - Зеленый - 5G - 12/512";;;https://static.tildacdn.com/stor6361-3130-4332-b735-393162366432/3da3e56f636fabf04222e92102ba939e.png;72990.00;;;"Цвет:Зеленый;Сеть:5G;Память:12/512";;9A5FA4u1NKafBfeYAh1M;865488435842;0;0;0;0;;;;;
668120250742;;;;Xiaomi;"Xiaomi Redmi 14T";;;https://static.tildacdn.com/stor3530-3937-4430-b136-386135316436/ad5986c95792d3002778e976007e7f24.png;;;;;;6DfxGNNlrTygY0V8mr3D;;0;0;0;0;;;;;
539820561322;;;;;"Xiaomi Redmi 14T - Титан - 5G - 12/512";;;https://static.tildacdn.com/stor3864-3438-4235-b338-316337633765/96e4ece89da7167c1b83fc6091414c8c.png;46990.00;;;"Цвет:Титан;Сеть:5G;Память:12/512";;flRdZmKBnKoh8DGoaa6r;668120250742;0;0;0;0;;;;;
838697999542;;;;;"Xiaomi Redmi 14T - Темно-синий - 5G - 12/512";;;https://static.tildacdn.com/stor3530-3937-4430-b136-386135316436/ad5986c95792d3002778e976007e7f24.png;46990.00;;;"Цвет:Темно-синий;Сеть:5G;Память:12/512";;1xiOYDPPpvy9RKJHHmLV;668120250742;0;0;0;0;;;;;
740980070992;;;;Poco;"Xiaomi Poco M6";;;https://static.tildacdn.com/stor6235-6264-4234-b538-653835313165/42c8c564ce0b9d73e027233c04db5708.png;;;;;;a4CsIrfxODLjNuE7BykM;;0;0;0;0;;;;;
852092469972;;;;;"Xiaomi Poco M6 - Чёрный - 4G - 8/256";;;https://static.tildacdn.com/stor3835-6436-4365-a434-346532306566/7e4c17408a5b0b6d903b51558c9ea5c6.png;15990.00;;;"Цвет:Чёрный;Сеть:4G;Память:8/256";;0LDuYyU2XOYdCt5i4ZbF;740980070992;0;0;0;0;;;;;
434897935212;;;;;"Xiaomi Poco M6 - Белый - 4G - 8/256";;;https://static.tildacdn.com/stor6235-6264-4234-b538-653835313165/42c8c564ce0b9d73e027233c04db5708.png;15990.00;;;"Цвет:Белый;Сеть:4G;Память:8/256";;CMu31BPmCEBIRp6PlUS6;740980070992;0;0;0;0;;;;;
161372064822;;;;;"Xiaomi Poco M6 - Фиолетовый - 4G - 8/256";;;https://static.tildacdn.com/stor3036-6235-4332-b732-653965303936/c8dbc38340385fb79e595b5addbaed36.png;15990.00;;;"Цвет:Фиолетовый;Сеть:4G;Память:8/256";;rU7enMmSZxHC5xzc6PzY;740980070992;0;0;0;0;;;;;
186337421052;;;;Poco;"Xiaomi Poco M6 Pro";;;https://static.tildacdn.com/stor6666-3466-4536-a435-333432613830/dfefee1bf1e41fea89ae099c2299e378.png;;;;;;V6KyDzgGFAJ4NYsPUuXD;;0;0;0;0;;;;;
114080576312;;;;;"Xiaomi Poco M6 Pro - Чёрный - 4G - 12/512";;;https://static.tildacdn.com/stor3439-3564-4266-b463-323261663366/77fd14c41ee996791128fa02874a1f02.png;22990.00;;;"Цвет:Чёрный;Сеть:4G;Память:12/512";;FeomFX4PphT8ukFYhsYb;186337421052;0;0;0;0;;;;;
563378815292;;;;;"Xiaomi Poco M6 Pro - Голубой - 4G - 12/512";;;https://static.tildacdn.com/stor3235-3961-4163-b031-323466613762/fe54f8ef12ca5655f7ee0b367c046976.png;22990.00;;;"Цвет:Голубой;Сеть:4G;Память:12/512";;TgvJsDOzZg6NhZikutB9;186337421052;0;0;0;0;;;;;
159231990832;;;;;"Xiaomi Poco M6 Pro - Фиолетовый - 4G - 12/512";;;https://static.tildacdn.com/stor6666-3466-4536-a435-333432613830/dfefee1bf1e41fea89ae099c2299e378.png;22990.00;;;"Цвет:Фиолетовый;Сеть:4G;Память:12/512";;ABvMy4oynv1S1hyhjOGu;186337421052;0;0;0;0;;;;;
564987350982;;;;Poco;"Xiaomi Poco X6";;;https://static.tildacdn.com/stor3462-3466-4665-b862-316563336266/cfd3e9e4433349631f6535141c7c1879.png;;;;;;uiPGsebViuCUpfMUo7ne;;0;0;0;0;;;;;
670592177142;;;;;"Xiaomi Poco X6 - Чёрный - 5G - 12/256";;;https://static.tildacdn.com/stor3462-3466-4665-b862-316563336266/cfd3e9e4433349631f6535141c7c1879.png;25990.00;;;"Цвет:Чёрный;Сеть:5G;Память:12/256";;9J9TdSZbFCFS9YXebg3m;564987350982;0;0;0;0;;;;;
487051303352;;;;;"Xiaomi Poco X6 - Белый - 5G - 12/256";;;https://static.tildacdn.com/stor3633-3666-4638-b730-613337316161/373ed8fa57262b26f660c13997e8880d.png;25990.00;;;"Цвет:Белый;Сеть:5G;Память:12/256";;aavNcXhYPpB1bZmuhIKG;564987350982;0;0;0;0;;;;;
218722656712;;;;;"Xiaomi Poco X6 - Синий - 5G - 12/256";;;https://static.tildacdn.com/stor3535-6130-4566-b832-316161323832/610244aea608e11049acd67e5804f188.png;25990.00;;;"Цвет:Синий;Сеть:5G;Память:12/256";;oRvh7rH49xCOKZeBMpu8;564987350982;0;0;0;0;;;;;
326832291732;;;;;"Xiaomi Poco X6 - Чёрный - 5G - 12/512";;;https://static.tildacdn.com/stor3462-3466-4665-b862-316563336266/cfd3e9e4433349631f6535141c7c1879.png;29990.00;;;"Цвет:Чёрный;Сеть:5G;Память:12/512";;RXfuaLDANNupGNigDtai;564987350982;0;0;0;0;;;;;
460673288412;;;;;"Xiaomi Poco X6 - Белый - 5G - 12/512";;;https://static.tildacdn.com/stor3633-3666-4638-b730-613337316161/373ed8fa57262b26f660c13997e8880d.png;29990.00;;;"Цвет:Белый;Сеть:5G;Память:12/512";;XgEypx6jiLAoUalPMl9A;564987350982;0;0;0;0;;;;;
837420935892;;;;;"Xiaomi Poco X6 - Синий - 5G - 12/512";;;https://static.tildacdn.com/stor3535-6130-4566-b832-316161323832/610244aea608e11049acd67e5804f188.png;29990.00;;;"Цвет:Синий;Сеть:5G;Память:12/512";;HDkmvs96TX99UCIB0ErJ;564987350982;0;0;0;0;;;;;
948440149312;;;;Poco;"Xiaomi Poco X6 Pro";;;https://static.tildacdn.com/stor3932-3764-4662-a232-306634633866/19117e70613f05840417018b1eb09962.png;;;;;;rIdIucFkXUTX5N7bEVMT;;0;0;0;0;;;;;
453097339042;;;;;"Xiaomi Poco X6 Pro - Чёрный - 5G - 8/256";;;https://static.tildacdn.com/stor6136-3239-4535-b136-663238396464/5247bd41031ba67377a655b86d8597a3.png;29990.00;;;"Цвет:Чёрный;Сеть:5G;Память:8/256";;p6hb8XBNtKapZvmnOTT5;948440149312;0;0;0;0;;;;;
163656805492;;;;;"Xiaomi Poco X6 Pro - Серый космос - 5G - 8/256";;;https://static.tildacdn.com/stor3932-3764-4662-a232-306634633866/19117e70613f05840417018b1eb09962.png;29990.00;;;"Цвет:Серый космос;Сеть:5G;Память:8/256";;DNMZKAPrMfrnj1PcEpHG;948440149312;0;0;0;0;;;;;
378792934412;;;;;"Xiaomi Poco X6 Pro - Чёрный - 5G - 12/512";;;https://static.tildacdn.com/stor6136-3239-4535-b136-663238396464/5247bd41031ba67377a655b86d8597a3.png;30990.00;;;"Цвет:Чёрный;Сеть:5G;Память:12/512";;aPVMXVba3IOBf5GlU2UB;948440149312;0;0;0;0;;;;;
679499992272;;;;;"Xiaomi Poco X6 Pro - Серый космос - 5G - 12/512";;;https://static.tildacdn.com/stor3932-3764-4662-a232-306634633866/19117e70613f05840417018b1eb09962.png;30990.00;;;"Цвет:Серый космос;Сеть:5G;Память:12/512";;L6eagb4XV8jkSmIC0SJA;948440149312;0;0;0;0;;;;;
445660014522;;;;Poco;"Xiaomi Poco F6";;;https://static.tildacdn.com/stor3961-6561-4236-b862-666266313366/47986eb3e57e63e05e42eeaad7678716.png;;;;;;C9dps0F9NMiBcEPaHi7i;;0;0;0;0;;;;;
469207300262;;;;;"Xiaomi Poco F6 - Чёрный - 5G - 12/512";;;https://static.tildacdn.com/stor3235-3735-4763-a561-313837643438/1a28ab55637fb91f05eeed528afbc4b7.png;37990.00;;;"Цвет:Чёрный;Сеть:5G;Память:12/512";;Jc1rxYtSB7fIobiRoFIm;445660014522;0;0;0;0;;;;;
443047144742;;;;;"Xiaomi Poco F6 - Белый - 5G - 12/512";;;https://static.tildacdn.com/stor6563-6666-4336-a431-643266656439/d51eeb8f45f71608f8c9078b6ec97b49.png;37990.00;;;"Цвет:Белый;Сеть:5G;Память:12/512";;Df1y14ejfrV0stl6ZtGI;445660014522;0;0;0;0;;;;;
816295485052;;;;;"Xiaomi Poco F6 - Зеленый - 5G - 12/512";;;https://static.tildacdn.com/stor3961-6561-4236-b862-666266313366/47986eb3e57e63e05e42eeaad7678716.png;37990.00;;;"Цвет:Зеленый;Сеть:5G;Память:12/512";;pOPLUZnFuZ5y5VUp4Vhz;445660014522;0;0;0;0;;;;;
427130081322;;;new;Dyson;"Dyson HS09";"О товаре<br />Мультистайлер Dyson Airwrap™ Coanda2x™ – революция в уходе за волосами<br />Мощность и интеллект в каждом движенииВстречайте новейший мультистайлер Dyson Airwrap™ Coanda2x™ – универсальный инструмент для сушки и укладки, который дарит полную свободу творчества без вреда для волос. Благодаря инновационному мотору Hyperdymium™2, устройство обеспечивает в два раза более сильный поток воздуха, позволяя укладывать волосы быстрее и бережнее, чем когда-либо прежде.Инновационные насадки и технология i.d. curl™Новая насадка Airsmooth2x™ обеспечивает идеальное выпрямление волос без перегрева, используя исключительно мощный поток воздуха. Уникальная функция i.d. curl™ синхронизируется с приложением MyDyson™, подбирая индивидуальные настройки для создания локонов одним нажатием.Автоматизация и персонализацияСмарт-насадки Dyson Airwrap™ Coanda2x™ запоминают ваши предпочтения по температуре и скорости, автоматически активируя нужные параметры при подключении. Это умное решение экономит время и делает процесс укладки ещё комфортнее.6 режимов для любого стиляМультистайлер предлагает 6 режимов укладки: сушка, завивка, создание волн, выпрямление, разглаживание и придание объёма. Вы получаете полный салонный арсенал в одном стильном и эргономичном устройстве.Внимание<strong>Внимание: Комплектация техники Dyson различается в зависимости от поставки и может отличаться от представленной на изображениях. Пожалуйста, уточняйте комплектацию перед покупкой.</strong>";"Стайлер Dyson Airwrap HS09 Co-anda 2x Red Velvet<br /><br />";https://static.tildacdn.com/stor6135-3466-4961-a363-396361616338/bc319e9d464d7d26ce7dd16bf6d7d58d.webp;46990.00;;;;;GbB7RtSNvXS1K0CyIAPk;;0;0;0;0;"Стайлер Dyson Airwrap HS09 Co-anda 2x Red Velvet";"Стайлер Dyson Airwrap HS09";"Стайлер Dyson";;
671978385333;;;;"iPhone 18";"IPhone 18";"iPhone 18 Pro Max";"Серия iPhone 18 уже сейчас вызывает больше обсуждений, чем многие предыдущие поколения Apple. Причина проста: впервые за несколько лет компания может серьезно изменить не только дизайн смартфонов, но и саму стратегию запуска устройств. По слухам, Apple готовит уменьшенный Dynamic Island, новые цвета, мощный 2-нм процессор и даже первый складной iPhone.<br />При этом важно понимать: официально Apple пока ничего не подтверждала. Большая часть информации основана на утечках от аналитиков, инсайдеров и поставщиков компонентов. Но именно такие утечки обычно оказываются максимально близкими к реальности за несколько месяцев до презентации.<br /><br /><br />";https://static.tildacdn.com/stor3038-6636-4363-a430-623063353563/a8ca8c9314663274b0d45a0b030dc85c.jpg;;;;;;Haj8X2lONITCn7tdFVyt;;0;0;0;0;"IPhone 18 Pro max";"IPhone 18 Pro max купить";"IPhone 18 Pro max купить какой будет дата выхода";;
590260120283;;;;;"IPhone 18";;;;199990.00;;1000000;Память:;;Oj9GbHp5HgKvhZxEOOVv;671978385333;0;0;0;0;;;;;
